id,metric,bear,base,bull,note
F01,Revenue 2026 ($B),1.825,2.042,2.14,'up to 10% growth' from $1.944B; H1 = $0.534B
F02,Cost of sales 2026 ($B) incl. $0.9B settlement,1.7,1.7,1.7,
F03,R&D 2026 ($B),2.9,2.9,2.813,
F04,SG&A 2026 ($B),1.0,1.0,0.97,
F05,Capex 2026 ($B),0.2,0.25,0.3,
F06,Year-end cash 2026 ($B) ex further draws ex convert,4.7,4.95,5.2,Before $2.63B net convert proceeds (Sep-26)
F07,GAAP opex 2027 ($B),4.6,4.4,4.074,
F08,Cash cost 2027 ($B),3.9,3.7,3.395,
F09,Gross margin +10pts over 3 yrs,0.1,0.1,0.1,
F10,Cash breakeven,1.0,1.0,1.0,Sep-24 version: breakeven at ~$6B revenue
F11,Up to six approved seasonal vaccines,6.0,6.0,6.0,"Now 5 (Spikevax, mNEXSPIKE, mRESVIA, mCOMBRIAX-EU, mFLUSIVA)"
