date,close,volume,open,high,low
2018-12-07,18.60,12984630,22.00,22.75,18.51
2018-12-10,18.80,4158352,18.90,19.4388,18.00
2018-12-11,18.01,3432087,20.55,20.66,17.99
2018-12-12,18.68,2587466,18.55,19.48,18.02
2018-12-13,18.76,1607574,19.25,19.29,18.68
2018-12-14,18.32,746133,18.75,18.8806,18.25
2018-12-17,17.00,1580842,18.33,18.47,16.90
2018-12-18,17.00,1621454,17.10,17.25,16.25
2018-12-19,16.18,940912,16.86,17.37,16.00
2018-12-20,15.50,2365171,16.00,16.14,14.75
2018-12-21,14.47,2063025,15.40,15.50,13.95
2018-12-24,14.03,665427,14.32,14.32,13.75
2018-12-26,13.52,1817560,14.15,14.31,13.03
2018-12-27,14.65,1767398,13.49,14.95,13.27
2018-12-28,14.15,929098,14.72,14.85,13.8184
2018-12-31,15.27,991769,14.24,15.30,14.2129
2019-01-02,15.33,2316647,14.93,15.45,14.51
2019-01-03,15.50,1587671,15.49,16.08,15.20
2019-01-04,16.96,1651820,16.00,17.50,15.8944
2019-01-07,16.27,1584742,17.54,17.94,16.18
2019-01-08,16.95,1892563,17.35,17.468,16.05
2019-01-09,16.33,1186378,17.20,17.25,16.15
2019-01-10,16.48,487184,16.36,16.51,16.00
2019-01-11,17.00,580422,16.60,17.06,16.53
2019-01-14,16.74,612921,17.00,17.06,16.72
2019-01-15,16.59,468017,17.00,17.00,16.41
2019-01-16,16.26,272788,16.80,16.95,16.26
2019-01-17,16.31,315670,16.05,16.53,16.05
2019-01-18,16.69,629965,16.46,16.80,16.25
2019-01-22,15.56,636877,16.62,16.6345,15.35
2019-01-23,14.79,651802,15.59,15.92,14.76
2019-01-24,14.64,452908,14.90,15.195,14.64
2019-01-25,14.91,942219,14.80,14.92,14.40
2019-01-28,14.45,656517,14.84,14.84,14.45
2019-01-29,14.63,591730,14.46,14.875,14.45
2019-01-30,15.13,758899,14.72,15.545,14.65
2019-01-31,16.60,2256586,15.24,17.48,15.24
2019-02-01,16.22,617241,16.80,17.0075,15.90
2019-02-04,16.27,297787,16.22,16.49,15.95
2019-02-05,17.18,652724,16.29,17.49,16.2075
2019-02-06,18.14,1015869,17.25,18.39,17.1101
2019-02-07,17.05,527423,17.95,18.0679,17.04
2019-02-08,17.99,685655,17.10,18.15,17.10
2019-02-11,18.17,597890,17.99,18.6462,17.7507
2019-02-12,18.69,752378,18.21,18.76,17.60
2019-02-13,18.53,1331113,18.99,19.22,18.30
2019-02-14,19.66,1090446,18.64,19.96,18.63
2019-02-15,21.44,2083270,19.94,21.4674,19.70
2019-02-19,20.83,1204670,21.51,21.513,20.05
2019-02-20,19.92,1159959,21.12,21.2399,19.13
2019-02-21,19.34,822625,19.74,19.98,18.88
2019-02-22,19.88,567575,19.35,20.04,19.35
2019-02-25,21.65,1917870,20.54,22.30,19.83
2019-02-26,23.70,2522199,21.60,24.40,21.56
2019-02-27,22.10,1552358,23.37,23.83,21.53
2019-02-28,22.60,510998,22.45,23.03,22.05
2019-03-01,22.27,866746,23.09,23.39,21.64
2019-03-04,21.12,1131361,22.47,22.80,20.52
2019-03-05,21.37,1082170,21.18,21.49,20.29
2019-03-06,20.65,1060939,21.40,22.05,20.0604
2019-03-07,20.59,1018080,20.42,21.155,19.6115
2019-03-08,20.93,631125,20.37,21.08,19.90
2019-03-11,20.43,915328,20.99,20.99,19.97
2019-03-12,19.26,1627584,20.52,20.89,19.12
2019-03-13,19.97,756472,19.30,20.255,19.23
2019-03-14,20.82,883580,19.92,21.00,19.92
2019-03-15,21.82,2686068,20.99,22.19,20.89
2019-03-18,22.18,1241919,21.74,22.22,21.22
2019-03-19,20.35,976090,22.47,22.60,20.18
2019-03-20,20.00,984997,20.41,20.98,19.90
2019-03-21,19.34,860491,20.00,20.25,19.21
2019-03-22,19.00,579040,19.38,19.70,18.75
2019-03-25,19.40,671667,19.00,19.59,18.21
2019-03-26,19.90,393610,19.61,19.94,19.24
2019-03-27,19.27,602638,20.08,20.08,18.89
2019-03-28,19.66,453584,19.30,19.7398,19.0001
2019-03-29,20.35,660742,19.87,20.80,19.47
2019-04-01,20.59,547566,20.54,20.915,20.04
2019-04-02,19.70,544880,20.68,20.68,19.54
2019-04-03,21.33,909292,19.92,21.67,19.81
2019-04-04,23.08,1705781,21.12,23.18,21.04
2019-04-05,25.96,1976748,23.80,26.23,22.6648
2019-04-08,27.23,2672468,25.90,29.79,25.60
2019-04-09,26.82,1051472,27.30,28.40,26.3105
2019-04-10,26.80,639184,26.90,27.74,26.50
2019-04-11,25.73,1027859,26.82,26.9899,24.26
2019-04-12,24.61,708620,26.00,26.0512,24.27
2019-04-15,25.84,635823,24.99,25.94,24.62
2019-04-16,23.78,964468,26.00,26.22,23.65
2019-04-17,23.50,918386,24.00,24.12,22.3135
2019-04-18,22.51,735450,23.47,23.55,22.43
2019-04-22,23.63,494057,22.70,23.99,22.5105
2019-04-23,24.70,617663,23.73,24.9833,23.73
2019-04-24,25.76,700903,24.80,25.76,24.29
2019-04-25,25.74,603235,25.76,26.72,25.43
2019-04-26,26.26,593482,25.83,27.30,25.69
2019-04-29,25.14,1057822,26.28,27.20,24.9708
2019-04-30,26.03,620717,25.28,26.03,25.00
2019-05-01,26.40,1121529,26.31,27.09,25.87
2019-05-02,28.34,1079697,26.33,28.4897,26.19
2019-05-03,27.20,837921,28.89,28.95,26.85
2019-05-06,27.10,667204,26.38,27.81,26.25
2019-05-07,24.55,1061288,27.18,27.2555,24.16
2019-05-08,23.54,1023854,23.70,26.00,23.53
2019-05-09,23.26,523118,23.50,24.00,22.75
2019-05-10,24.92,536230,23.04,24.93,22.80
2019-05-13,24.43,491784,24.46,24.77,23.225
2019-05-14,23.59,473926,24.50,24.8899,23.57
2019-05-15,23.12,847323,23.46,23.84,22.81
2019-05-16,23.46,536569,23.50,24.05,23.15
2019-05-17,23.08,1275232,23.31,23.4291,21.68
2019-05-20,22.60,553004,22.85,23.60,22.55
2019-05-21,22.70,475913,22.65,23.16,22.43
2019-05-22,22.00,569589,22.65,22.7677,21.93
2019-05-23,21.38,739551,21.75,21.94,21.01
2019-05-24,21.83,743997,21.56,22.00,21.41
2019-05-28,21.54,616013,22.30,22.46,21.44
2019-05-29,21.70,490742,21.71,21.898,21.16
2019-05-30,21.49,361293,21.84,21.90,21.05
2019-05-31,20.78,443530,21.16,21.38,20.74
2019-06-03,19.85,1031947,20.79,20.99,18.82
2019-06-04,19.47,1077687,19.76,20.74,19.23
2019-06-05,17.70,5046143,19.20,19.20,17.20
2019-06-06,17.94,6066383,17.83,18.921,17.61
2019-06-07,17.52,1892799,17.71,18.40,17.30
2019-06-10,15.67,2574686,17.85,17.99,15.67
2019-06-11,16.00,5614358,16.09,16.88,15.75
2019-06-12,16.30,2042477,16.11,16.36,15.62
2019-06-13,16.16,1607294,16.42,17.59,16.05
2019-06-14,15.40,2080053,16.25,16.675,15.32
2019-06-17,15.77,1220436,15.54,15.85,15.28
2019-06-18,15.74,1120185,15.90,16.19,15.5784
2019-06-19,15.50,2831087,15.75,16.3025,15.37
2019-06-20,15.18,1605381,15.85,15.935,14.86
2019-06-21,14.70,2115818,15.20,15.32,14.50
2019-06-24,14.04,1327256,14.41,14.6906,14.02
2019-06-25,13.77,1936251,14.11,14.2499,13.65
2019-06-26,13.70,1112795,13.92,14.18,13.65
2019-06-27,14.34,1724611,13.50,14.405,13.50
2019-06-28,14.64,1657027,14.41,14.64,14.11
2019-07-01,14.73,1135482,14.86,15.08,14.47
2019-07-02,14.40,1202267,14.71,14.71,14.00
2019-07-03,15.31,954475,14.50,15.33,14.40
2019-07-05,14.96,970638,15.47,15.47,14.83
2019-07-08,14.29,938422,14.89,14.90,14.14
2019-07-09,14.85,739829,14.31,14.85,14.15
2019-07-10,14.48,1770209,14.94,15.22,14.05
2019-07-11,14.44,1135170,14.56,14.70,14.12
2019-07-12,14.20,1084328,14.27,14.48,14.06
2019-07-15,14.32,727620,14.28,14.46,14.00
2019-07-16,14.14,1111014,14.32,14.475,14.00
2019-07-17,14.03,1202450,14.17,14.59,14.00
2019-07-18,14.26,756865,14.09,14.28,13.90
2019-07-19,14.11,1042632,14.29,14.40,14.01
2019-07-22,14.05,1058910,14.22,14.32,13.91
2019-07-23,13.60,2053347,14.06,14.13,13.12
2019-07-24,14.47,1167362,13.75,14.52,13.473
2019-07-25,13.51,895579,14.51,14.65,13.50
2019-07-26,14.12,669060,13.59,14.18,13.36
2019-07-29,13.69,1049628,14.17,14.33,13.56
2019-07-30,13.40,929543,13.61,13.76,13.29
2019-07-31,13.10,1087643,13.42,13.51,13.04
2019-08-01,13.01,1502334,13.20,13.40,12.71
2019-08-02,12.73,1180381,13.00,13.0368,12.40
2019-08-05,12.26,1038153,12.55,12.69,12.20
2019-08-06,12.29,2007725,12.50,12.8675,11.90
2019-08-07,12.85,3003267,12.26,14.50,11.54
2019-08-08,13.19,1500881,12.91,13.30,12.30
2019-08-09,13.33,745194,13.14,13.55,12.97
2019-08-12,13.02,780306,13.42,13.68,12.984
2019-08-13,13.30,558994,13.00,13.395,12.76
2019-08-14,12.74,1362976,13.08,13.22,12.50
2019-08-15,12.67,1162846,12.72,12.95,12.47
2019-08-16,13.16,1105105,12.85,13.24,12.79
2019-08-19,13.40,1955457,13.25,13.50,13.02
2019-08-20,14.15,3367012,13.87,14.65,13.60
2019-08-21,14.29,1417709,14.25,14.41,13.76
2019-08-22,14.16,1023419,14.37,14.43,14.04
2019-08-23,13.88,1501049,14.08,14.36,13.83
2019-08-26,14.97,3153425,14.01,15.38,14.00
2019-08-27,14.51,2720189,15.17,15.50,14.12
2019-08-28,14.82,1451650,14.51,15.04,14.38
2019-08-29,15.18,1684181,14.91,15.20,14.61
2019-08-30,15.73,1601551,15.30,15.75,15.20
2019-09-03,14.88,2508895,16.10,16.50,14.35
2019-09-04,15.42,1555729,15.11,15.59,14.80
2019-09-05,15.53,1394529,15.65,16.13,15.02
2019-09-06,15.88,2042503,15.56,16.18,15.14
2019-09-09,16.03,2311752,15.98,16.23,15.36
2019-09-10,17.09,3077421,16.06,17.34,15.97
2019-09-11,15.92,3590692,17.34,17.59,15.89
2019-09-12,16.40,8290874,16.23,18.46,16.20
2019-09-13,16.71,3162383,16.45,17.04,16.06
2019-09-16,17.05,3053899,16.73,17.31,16.69
2019-09-17,17.66,5239640,17.46,17.95,17.19
2019-09-18,17.78,5834569,17.77,18.00,17.35
2019-09-19,17.90,5866926,17.71,18.42,17.617
2019-09-20,18.07,25237510,18.14,18.39,17.75
2019-09-23,17.83,4861272,18.24,18.48,17.56
2019-09-24,17.82,5213302,17.83,17.99,17.25
2019-09-25,17.18,3045069,17.71,17.71,17.10
2019-09-26,16.34,4449091,17.41,17.51,16.1447
2019-09-27,15.90,2309047,16.29,16.54,15.675
2019-09-30,15.92,1532173,15.79,16.27,15.67
2019-10-01,14.81,1544925,15.87,16.06,14.80
2019-10-02,14.86,1783307,14.78,15.01,14.42
2019-10-03,15.07,1464168,15.24,15.24,14.41
2019-10-04,15.51,1022019,15.05,15.57,14.89
2019-10-07,15.47,1373936,15.45,15.63,15.07
2019-10-08,15.31,1226190,15.36,15.48,15.01
2019-10-09,14.20,2386365,15.33,15.55,14.18
2019-10-10,14.16,1345771,14.13,14.41,13.87
2019-10-11,14.055,941288,14.24,14.70,13.99
2019-10-14,13.93,960535,14.19,14.27,13.67
2019-10-15,14.33,1157446,13.93,14.45,13.53
2019-10-16,14.15,915084,14.27,14.32,14.02
2019-10-17,14.54,1033914,14.23,14.72,14.15
2019-10-18,14.81,1596568,14.50,14.85,14.07
2019-10-21,15.50,931443,14.90,15.59,14.66
2019-10-22,15.92,594156,15.56,16.09,15.55
2019-10-23,16.90,1512239,16.16,17.01,16.09
2019-10-24,16.59,1112146,16.92,17.03,16.05
2019-10-25,17.01,737109,16.73,17.10,16.4301
2019-10-28,17.03,652386,17.01,17.15,16.8094
2019-10-29,16.99,751727,16.96,17.155,16.66
2019-10-30,17.14,961150,16.95,17.24,16.52
2019-10-31,16.75,1015552,17.03,17.15,16.49
2019-11-01,15.66,1603732,16.80,16.894,15.52
2019-11-04,16.80,1357932,15.90,16.80,15.83
2019-11-05,16.89,1742360,16.94,17.72,16.71
2019-11-06,16.13,1575549,16.83,17.49,16.05
2019-11-07,17.50,2043611,16.33,17.6084,16.2801
2019-11-08,17.49,973669,17.25,17.50,17.11
2019-11-11,17.40,949933,17.33,17.52,17.20
2019-11-12,17.99,1978343,17.34,18.10,17.3025
2019-11-13,18.25,2014902,18.00,18.50,17.71
2019-11-14,18.34,1532586,18.16,18.50,17.91
2019-11-15,19.37,1882089,18.39,19.43,18.35
2019-11-18,19.45,923140,19.21,19.45,18.67
2019-11-19,19.36,1144750,19.27,19.87,19.0824
2019-11-20,20.18,2316542,19.38,20.40,19.35
2019-11-21,20.20,1202497,19.98,20.32,19.69
2019-11-22,20.69,1443557,20.07,20.73,19.86
2019-11-25,20.00,1927782,20.90,21.00,19.95
2019-11-26,20.33,1549446,20.00,20.65,19.82
2019-11-27,20.37,1561222,20.28,20.70,19.99
2019-11-29,20.36,1186734,20.60,20.93,20.28
2019-12-02,19.76,1186785,20.30,20.54,19.60
2019-12-03,21.28,1795347,19.48,21.37,19.41
2019-12-04,21.27,1980055,21.00,21.47,20.9325
2019-12-05,20.64,1478421,21.49,21.50,20.57
2019-12-06,18.94,3537657,20.78,21.04,18.82
2019-12-09,18.78,2823956,19.07,19.30,18.67
2019-12-10,18.87,1619895,18.78,19.09,18.58
2019-12-11,18.65,1233120,19.03,19.11,18.53
2019-12-12,18.45,1313402,18.56,19.045,18.32
2019-12-13,18.62,1302439,18.47,18.72,18.32
2019-12-16,18.52,1785541,18.60,18.97,18.22
2019-12-17,18.44,1647786,18.54,18.70,18.31
2019-12-18,18.64,1277655,18.48,19.00,18.48
2019-12-19,19.41,2101681,18.58,19.67,18.50
2019-12-20,19.83,10931560,19.40,20.00,19.05
2019-12-23,19.70,1789840,19.79,19.85,19.34
2019-12-24,19.75,488921,19.69,19.79,19.35
2019-12-26,19.86,750317,19.82,20.11,19.66
2019-12-27,19.52,1046852,19.99,20.00,19.25
2019-12-30,19.05,1183298,19.54,19.94,18.94
2019-12-31,19.56,1112406,18.96,19.64,18.96
2020-01-02,19.23,1229434,19.57,19.81,18.88
2020-01-03,18.89,1750976,19.02,19.36,18.72
2020-01-06,18.13,1606505,18.70,18.74,18.01
2020-01-07,17.78,1461935,18.15,18.32,17.68
2020-01-08,17.98,1041551,17.99,18.08,17.76
2020-01-09,18.40,1531344,18.00,18.55,17.90
2020-01-10,19.14,4504819,21.00,21.00,19.05
2020-01-13,20.26,2207943,19.26,20.36,18.60
2020-01-14,20.00,1782859,20.45,20.4979,19.55
2020-01-15,20.24,2054963,19.94,20.58,19.94
2020-01-16,21.01,4928102,21.68,21.87,20.77
2020-01-17,20.62,3348525,21.50,21.50,20.55
2020-01-21,20.94,2089578,20.79,21.49,20.645
2020-01-22,21.97,10920660,22.08,23.20,21.70
2020-01-23,21.47,3663943,22.17,22.65,21.40
2020-01-24,21.12,2947764,21.60,21.8793,20.90
2020-01-27,22.74,10294740,22.10,23.12,21.12
2020-01-28,22.36,5649269,23.50,23.50,21.8501
2020-01-29,20.55,4675832,22.23,22.34,20.45
2020-01-30,20.99,3061810,21.05,21.74,20.80
2020-01-31,20.51,2833631,21.14,21.32,20.05
2020-02-03,20.38,3214618,20.66,21.06,19.70
2020-02-04,20.87,1824436,20.09,20.88,19.75
2020-02-05,20.05,2656824,20.99,21.20,19.67
2020-02-06,19.88,1929739,20.27,20.32,19.70
2020-02-07,23.24,10144170,19.79,23.39,19.79
2020-02-10,23.65,9356771,23.50,23.95,22.3832
2020-02-11,21.35,6188339,22.09,22.74,21.28
2020-02-12,19.01,19231790,19.64,19.67,18.50
2020-02-13,19.045,6837002,19.36,19.80,18.89
2020-02-14,19.00,5384464,19.27,19.29,18.85
2020-02-18,18.91,4129369,19.14,19.35,18.57
2020-02-19,18.92,3148012,19.09,19.24,18.725
2020-02-20,18.54,4562216,18.86,19.17,18.42
2020-02-21,18.23,3696712,18.47,18.55,17.91
2020-02-24,18.59,7605391,19.23,19.28,18.30
2020-02-25,23.76,65001880,22.15,26.55,20.51
2020-02-26,29.16,78016790,29.05,29.98,27.08
2020-02-27,26.16,68256340,35.88,36.00,23.05
2020-02-28,25.93,24425130,23.38,25.95,22.015
2020-03-02,29.88,33084030,27.00,30.75,25.21
2020-03-03,27.91,17599110,27.804,28.60,26.60
2020-03-04,27.49,11817670,27.99,28.72,26.80
2020-03-05,28.01,14669980,27.49,28.95,26.535
2020-03-06,29.61,21097490,27.98,29.80,27.67
2020-03-09,24.29,14124080,30.00,30.00,24.16
2020-03-10,22.34,13019520,25.71,25.94,21.28
2020-03-11,23.61,14825430,22.54,25.7491,22.5235
2020-03-12,22.30,11305350,22.90,24.28,21.90
2020-03-13,21.30,11853050,23.00,23.47,19.31
2020-03-16,26.49,39850790,23.76,27.80,22.22
2020-03-17,28.18,44484140,29.36,32.70,27.3148
2020-03-18,31.58,28702290,27.13,32.54,26.55
2020-03-19,28.27,36952750,32.78,34.98,25.19
2020-03-20,28.20,16522450,29.25,30.23,26.20
2020-03-23,26.57,11080850,28.71,29.81,26.25
2020-03-24,25.82,12550490,27.09,27.25,24.36
2020-03-25,27.13,9651543,25.00,27.98,24.79
2020-03-26,27.94,5585886,27.56,28.79,27.56
2020-03-27,30.05,12408300,28.37,31.09,27.95
2020-03-30,30.48,10749920,30.59,31.69,28.27
2020-03-31,29.95,6027880,30.60,30.98,29.20
2020-04-01,29.67,7004587,30.05,30.94,29.44
2020-04-02,33.20,15934400,30.60,33.39,29.84
2020-04-03,34.84,16896220,32.81,35.66,32.72
2020-04-06,34.64,10841590,34.91,35.185,33.33
2020-04-07,32.02,10104340,33.81,34.03,30.9801
2020-04-08,32.42,4119844,32.36,32.94,31.7501
2020-04-09,31.86,4861753,32.55,32.92,31.32
2020-04-13,32.90,5603883,32.00,32.98,31.71
2020-04-14,34.66,8126897,34.00,34.99,33.15
2020-04-15,37.25,15682990,34.64,38.45,33.72
2020-04-16,40.60,20670720,38.074,41.55,36.62
2020-04-17,46.85,32285980,48.99,49.00,43.38
2020-04-20,51.69,34102470,45.00,54.95,44.51
2020-04-21,49.26,39641960,53.00,56.38,43.11
2020-04-22,51.20,11690440,50.61,51.82,49.06
2020-04-23,47.44,15152350,49.10,50.70,46.89
2020-04-24,50.50,11712460,47.15,50.50,47.1416
2020-04-27,48.05,13744400,51.53,51.70,47.30
2020-04-28,47.88,13067210,50.40,50.45,47.17
2020-04-29,46.37,11761970,46.60,46.9497,45.01
2020-04-30,45.99,7741871,46.78,48.37,45.82
2020-05-01,47.93,21701290,48.71,50.45,46.29
2020-05-04,50.50,10460550,48.05,50.50,48.00
2020-05-05,49.34,11160180,50.48,50.96,47.23
2020-05-06,48.95,6692345,48.45,49.25,47.5201
2020-05-07,53.19,30942700,55.78,55.99,51.06
2020-05-08,59.25,24135550,53.06,59.88,52.15
2020-05-11,66.90,34852040,59.60,67.67,59.1401
2020-05-12,62.35,25934460,65.99,68.49,62.02
2020-05-13,65.18,22125960,63.80,66.97,60.29
2020-05-14,64.56,12198250,64.79,65.39,61.44
2020-05-15,66.69,16341870,63.79,67.67,63.01
2020-05-18,80.00,81209370,86.14,87.00,75.66
2020-05-19,71.67,64932250,78.07,79.75,70.32
2020-05-20,73.47,53655280,70.01,74.48,67.41
2020-05-21,67.05,35317970,73.05,73.16,65.31
2020-05-22,69.00,28912680,69.93,70.60,67.14
2020-05-26,57.71,40332560,66.40,66.59,57.05
2020-05-27,52.18,59514750,51.20,53.34,46.1301
2020-05-28,55.54,32308590,53.50,59.11,53.35
2020-05-29,61.50,38224870,57.45,61.65,56.56
2020-06-01,62.18,21257480,62.76,63.90,60.51
2020-06-02,59.87,21701140,58.70,59.95,55.3553
2020-06-03,59.89,20811530,57.51,63.37,57.10
2020-06-04,60.59,13503950,61.61,61.93,58.52
2020-06-05,58.19,14677940,58.49,59.19,56.63
2020-06-08,59.10,11249310,58.30,59.38,56.72
2020-06-09,58.23,7600166,58.55,59.405,57.73
2020-06-10,60.07,11074360,58.80,60.72,58.60
2020-06-11,60.20,32085170,62.95,66.6867,58.77
2020-06-12,62.00,14742910,62.355,63.63,60.29
2020-06-15,66.57,19339290,65.90,66.98,63.424
2020-06-16,64.34,16537850,66.31,66.60,62.60
2020-06-17,63.31,13615980,63.60,65.88,62.58
2020-06-18,64.95,10914380,63.03,65.40,62.58
2020-06-19,66.35,16076730,64.99,66.45,64.01
2020-06-22,64.75,13586380,65.92,66.29,62.12
2020-06-23,62.94,12361340,64.10,65.08,62.74
2020-06-24,64.84,14377120,63.23,66.1559,63.14
2020-06-25,62.00,26905660,67.00,67.00,58.51
2020-06-26,61.28,13866280,60.71,62.29,59.14
2020-06-29,62.08,8074205,61.82,63.00,59.40
2020-06-30,64.21,11955170,62.18,65.159,61.80
2020-07-01,61.59,17916470,63.00,63.73,59.12
2020-07-02,58.57,26544380,60.00,61.80,55.8097
2020-07-06,59.15,9977316,58.55,60.73,57.10
2020-07-07,61.09,8904341,58.80,61.50,57.44
2020-07-08,61.58,7590861,60.79,62.46,59.45
2020-07-09,64.97,20646140,62.09,65.35,58.88
2020-07-10,62.61,7407545,64.65,64.93,62.32
2020-07-13,71.78,56617290,63.89,77.7499,63.80
2020-07-14,75.04,38708760,74.00,76.9486,70.6201
2020-07-15,80.22,90756070,87.52,88.37,78.01
2020-07-16,81.81,27277410,80.1598,84.2899,79.60
2020-07-17,94.85,103509200,83.35,95.21,82.61
2020-07-20,82.68,78391300,87.86,90.85,78.05
2020-07-21,80.86,26185580,80.91,82.43,79.07
2020-07-22,83.225,27274020,79.61,84.12,79.11
2020-07-23,75.33,29288090,82.05,82.68,72.20
2020-07-24,73.21,27797480,69.05,73.90,66.54
2020-07-27,79.91,44710710,80.63,80.98,76.16
2020-07-28,81.49,32946890,81.00,83.85,79.50
2020-07-29,79.51,24453920,81.98,82.82,76.5502
2020-07-30,77.63,13101990,78.00,79.25,76.80
2020-07-31,74.10,14223410,78.20,78.44,73.6038
2020-08-03,77.98,13382330,74.98,77.99,73.03
2020-08-04,78.46,10126500,78.192,78.62,75.50
2020-08-05,75.80,19859900,77.49,77.49,73.69
2020-08-06,73.76,11691500,75.79,76.25,73.12
2020-08-07,74.10,8771437,74.38,75.39,73.01
2020-08-10,72.01,8678274,74.27,75.00,71.41
2020-08-11,68.97,18118730,69.52,71.40,67.00
2020-08-12,69.52,50471490,75.67,75.75,68.30
2020-08-13,67.83,15055930,69.09,69.18,67.05
2020-08-14,69.15,12799580,68.06,70.36,67.86
2020-08-17,69.76,8749112,69.14,70.78,68.38
2020-08-18,67.03,11329150,68.28,69.70,65.23
2020-08-19,68.00,8558809,66.74,69.17,66.60
2020-08-20,67.81,6346700,67.79,68.00,66.63
2020-08-21,66.45,6935608,67.50,68.02,65.60
2020-08-24,64.88,13143240,67.15,67.85,62.88
2020-08-25,66.25,7798501,64.32,66.696,63.55
2020-08-26,70.50,28768080,67.62,71.64,66.03
2020-08-27,68.03,9262562,69.98,70.32,67.01
2020-08-28,67.49,6383705,68.04,68.95,67.15
2020-08-31,64.89,15271800,67.14,67.20,62.54
2020-09-01,63.32,8200671,63.54,64.50,62.50
2020-09-02,64.72,9874614,62.84,64.89,61.3805
2020-09-03,64.84,14307320,65.65,69.35,64.30
2020-09-04,62.60,11653290,64.99,65.00,59.01
2020-09-08,54.34,17706210,57.75,58.60,54.21
2020-09-09,56.90,9355441,56.03,57.19,54.51
2020-09-10,57.56,7985321,57.041,60.32,56.87
2020-09-11,59.34,4821869,58.49,59.51,57.45
2020-09-14,63.67,8930779,60.15,63.85,60.115
2020-09-15,66.88,9101184,65.0274,68.41,64.2293
2020-09-16,68.84,11398010,67.64,70.04,66.73
2020-09-17,67.89,13275200,68.50,70.90,64.60
2020-09-18,69.87,13206190,68.28,70.00,66.10
2020-09-21,69.26,8223034,68.60,69.48,65.46
2020-09-22,68.72,6303612,67.50,69.19,66.67
2020-09-23,67.16,6919352,67.865,68.62,65.77
2020-09-24,65.17,5565191,65.50,66.77,63.64
2020-09-25,69.47,9190629,65.887,69.73,65.67
2020-09-28,70.55,7337397,69.59,71.50,69.10
2020-09-29,70.52,6294318,70.46,71.34,69.5851
2020-09-30,70.75,15690710,72.51,75.39,70.16
2020-10-01,70.03,6838969,69.57,70.20,68.16
2020-10-02,68.81,8004919,67.90,72.77,67.25
2020-10-05,71.95,6518121,69.64,72.02,69.05
2020-10-06,71.04,7285512,72.00,73.92,70.31
2020-10-07,72.37,4190611,71.23,73.24,70.959
2020-10-08,72.93,4023816,73.50,73.76,72.01
2020-10-09,73.00,4774015,73.42,73.67,72.39
2020-10-12,75.31,7590764,73.61,75.8514,72.92
2020-10-13,78.29,13669190,75.93,81.37,75.52
2020-10-14,76.56,6643833,80.01,80.01,76.3252
2020-10-15,75.58,5014595,75.48,76.49,73.7101
2020-10-16,73.94,4693584,76.06,76.93,73.665
2020-10-19,70.96,6931283,73.97,74.09,70.50
2020-10-20,71.31,5441299,72.07,73.10,70.65
2020-10-21,68.37,4614813,71.57,71.5784,68.06
2020-10-22,70.84,5212065,68.504,72.53,68.40
2020-10-23,70.53,3735087,72.30,72.3997,68.80
2020-10-26,70.24,3872799,70.36,71.32,68.70
2020-10-27,70.67,3812879,70.45,71.35,68.81
2020-10-28,65.74,6043991,68.95,69.47,65.4899
2020-10-29,71.28,13776430,68.35,74.539,66.23
2020-10-30,67.47,7085797,70.80,71.49,66.85
2020-11-02,67.11,4650268,68.02,68.60,66.55
2020-11-03,69.08,4366928,66.75,69.25,66.59
2020-11-04,69.81,5442067,68.97,71.55,68.9188
2020-11-05,71.48,4449850,71.09,71.59,70.16
2020-11-06,72.45,5841047,71.42,74.16,70.87
2020-11-09,77.74,20266810,77.75,80.25,75.42
2020-11-10,76.05,10499400,80.00,80.38,73.52
2020-11-11,82.44,18576500,77.05,83.98,76.13
2020-11-12,87.81,21750390,85.18,87.93,83.83
2020-11-13,89.39,14176720,86.62,90.53,85.22
2020-11-16,97.95,70853060,100.31,103.20,93.30
2020-11-17,93.15,26171960,97.23,97.80,91.60
2020-11-18,88.89,21823450,93.87,94.00,88.6103
2020-11-19,92.77,16002020,90.00,94.65,89.5114
2020-11-20,97.61,15306300,95.00,98.43,94.82
2020-11-23,101.03,16359620,100.77,101.77,98.62
2020-11-24,98.56,12515340,98.40,99.89,93.54
2020-11-25,109.18,25850690,99.03,109.29,98.65
2020-11-27,127.03,43438500,115.12,130.06,114.86
2020-11-30,152.74,73203060,144.00,153.8699,141.05
2020-12-01,141.01,125552300,177.66,178.50,130.33
2020-12-02,143.00,51217330,138.63,149.7999,128.10
2020-12-03,157.26,38656510,143.50,159.11,143.0101
2020-12-04,152.52,27704830,157.59,157.82,148.51
2020-12-07,159.52,31409840,155.03,163.98,152.97
2020-12-08,169.86,27738720,165.75,170.51,164.30
2020-12-09,156.59,40951700,170.20,170.80,147.20
2020-12-10,155.69,22059970,151.13,159.50,148.0101
2020-12-11,156.93,22069860,159.70,163.75,155.89
2020-12-14,155.07,22467740,163.40,163.7611,152.5606
2020-12-15,147.22,36451260,157.00,157.28,142.46
2020-12-16,137.03,28476280,137.75,141.334,134.31
2020-12-17,144.00,32404460,137.92,146.97,137.30
2020-12-18,140.23,33157830,141.51,145.00,135.06
2020-12-21,138.30,23921050,140.84,147.26,137.79
2020-12-22,125.88,36126940,139.00,141.40,123.00
2020-12-23,130.34,41905040,120.05,132.00,115.00
2020-12-24,123.39,12720590,125.94,129.70,122.7201
2020-12-28,111.40,31088170,120.04,122.88,111.05
2020-12-29,114.39,23718800,107.796,116.25,106.88
2020-12-30,111.13,23965540,118.40,118.9408,108.80
2020-12-31,104.47,23369870,110.55,113.55,102.66
2021-01-04,111.73,22439550,107.23,113.63,103.26
2021-01-05,109.18,15450800,113.82,114.98,107.20
2021-01-06,116.26,21590930,111.11,116.93,110.28
2021-01-07,115.09,20614070,120.10,122.82,112.13
2021-01-08,112.75,12376940,116.52,117.71,111.49
2021-01-11,117.26,16650650,112.75,121.24,112.62
2021-01-12,124.55,15300720,117.93,124.91,117.12
2021-01-13,124.06,14324640,123.70,127.58,120.74
2021-01-14,129.72,13346730,122.80,130.98,122.80
2021-01-15,129.65,15769540,129.60,133.29,126.58
2021-01-19,125.01,16528900,122.10,126.36,120.50
2021-01-20,125.14,8001568,124.51,126.0101,122.25
2021-01-21,132.98,20880840,125.28,137.00,125.25
2021-01-22,131.02,10067190,132.50,135.87,128.90
2021-01-25,147.00,26970870,138.40,147.4299,137.25
2021-01-26,151.93,16964730,145.15,154.55,145.00
2021-01-27,155.73,20262920,151.20,164.55,149.00
2021-01-28,159.55,16497370,154.105,168.00,153.62
2021-01-29,173.16,39687300,174.99,185.98,166.2001
2021-02-01,157.48,22056530,173.03,174.50,154.30
2021-02-02,158.58,14923860,158.52,159.054,147.10
2021-02-03,165.86,11355920,156.60,168.39,156.40
2021-02-04,173.31,10618280,166.42,173.73,164.25
2021-02-05,176.24,8990045,170.99,177.50,170.26
2021-02-08,185.98,12940160,177.00,189.26,176.81
2021-02-09,179.52,8403123,186.21,187.00,177.27
2021-02-10,179.34,7067541,182.74,185.22,176.37
2021-02-11,183.44,5464092,178.29,184.22,176.20
2021-02-12,183.74,5705535,184.89,185.00,177.58
2021-02-16,178.53,6917541,182.41,184.18,173.5088
2021-02-17,176.76,6554586,174.28,178.01,171.62
2021-02-18,169.57,5124102,171.593,175.47,168.00
2021-02-19,174.74,6413592,173.54,179.30,170.53
2021-02-22,159.37,11152700,167.80,170.35,158.58
2021-02-23,150.17,15509170,151.25,153.00,136.00
2021-02-24,144.79,9757204,150.41,151.00,143.47
2021-02-25,148.38,15172130,150.78,160.98,145.86
2021-02-26,154.81,13445240,157.98,159.60,150.88
2021-03-01,157.40,15351560,154.4631,157.7799,145.2501
2021-03-02,146.81,8630604,153.50,154.4713,146.44
2021-03-03,131.22,13683460,146.09,147.32,131.00
2021-03-04,132.30,10929540,128.70,135.47,126.69
2021-03-05,132.19,12039640,133.073,134.27,121.12
2021-03-08,123.47,6839340,129.15,133.55,122.48
2021-03-09,130.87,7834221,127.11,132.30,125.60
2021-03-10,129.75,5555909,133.62,135.715,128.7932
2021-03-11,140.47,8140123,132.982,140.85,131.48
2021-03-12,136.99,4923074,134.04,138.7424,133.20
2021-03-15,143.66,7361627,136.77,143.85,135.01
2021-03-16,156.02,16991620,148.50,157.75,145.84
2021-03-17,147.55,12894890,150.25,152.0831,143.2501
2021-03-18,141.46,7144867,144.45,147.61,140.86
2021-03-19,143.74,6933748,143.06,145.18,138.53
2021-03-22,145.60,6050730,144.19,147.9199,141.85
2021-03-23,136.52,6961240,145.61,146.19,136.38
2021-03-24,131.61,5864615,137.25,137.74,131.01
2021-03-25,133.33,5696322,127.33,134.31,126.42
2021-03-26,133.28,4047117,133.38,135.60,128.02
2021-03-29,123.42,10814820,130.11,131.30,121.90
2021-03-30,118.49,11061640,123.15,123.5977,117.3411
2021-03-31,130.95,10015690,121.10,131.80,119.328
2021-04-01,132.55,7269665,132.20,136.6372,130.34
2021-04-05,129.91,5218269,132.60,133.1925,127.04
2021-04-06,133.53,7438195,130.11,138.2494,128.16
2021-04-07,131.47,4380038,132.37,135.16,130.21
2021-04-08,133.88,4530017,132.85,135.90,132.06
2021-04-09,140.92,9918176,133.51,144.00,133.34
2021-04-12,139.40,6060181,142.37,143.49,136.36
2021-04-13,149.71,13729030,146.80,152.11,145.35
2021-04-14,160.03,15389840,153.66,160.92,152.49
2021-04-15,159.87,10340440,159.00,163.58,155.23
2021-04-16,170.81,19044900,158.68,171.92,158.21
2021-04-19,161.91,10006650,166.61,168.1958,159.60
2021-04-20,156.78,7154386,160.32,162.73,153.27
2021-04-21,169.50,11352740,158.60,170.11,157.6901
2021-04-22,168.10,15922380,168.26,179.00,164.62
2021-04-23,173.63,8855331,170.305,175.51,168.35
2021-04-26,177.61,12201730,171.79,179.60,168.88
2021-04-27,183.41,12925680,178.3604,185.5299,178.18
2021-04-28,178.68,8375405,182.37,182.89,176.12
2021-04-29,175.67,8362706,183.327,186.80,174.76
2021-04-30,178.82,9495237,175.59,184.00,174.52
2021-05-03,186.02,14631040,183.90,189.00,182.2101
2021-05-04,173.59,16924200,185.335,188.49,171.63
2021-05-05,162.84,18914250,178.10,180.70,156.81
2021-05-06,160.50,29662340,148.00,163.47,143.56
2021-05-07,163.15,11952610,165.78,169.0196,160.8161
2021-05-10,158.55,8809685,164.01,164.7599,155.71
2021-05-11,158.99,8087399,151.31,161.99,150.06
2021-05-12,152.68,5720784,154.11,158.91,151.15
2021-05-13,149.87,5765024,152.60,155.62,146.85
2021-05-14,161.38,6512867,150.85,162.46,150.40
2021-05-17,160.43,4219188,159.00,163.37,156.7235
2021-05-18,159.53,4811395,160.16,165.75,157.90
2021-05-19,157.99,3943745,155.74,160.07,154.51
2021-05-20,165.97,4826341,159.92,166.81,158.89
2021-05-21,161.45,5169131,168.93,169.28,161.35
2021-05-24,164.17,4501276,162.881,166.80,161.01
2021-05-25,169.26,7759917,166.56,171.74,165.1001
2021-05-26,175.59,6885242,168.70,175.62,168.51
2021-05-27,179.54,10844890,174.20,180.00,173.63
2021-05-28,185.01,8567185,178.623,186.64,178.36
2021-06-01,184.66,6010881,184.08,185.2791,178.80
2021-06-02,191.60,10142520,183.90,194.50,183.28
2021-06-03,195.22,9270151,188.89,200.00,188.6331
2021-06-04,206.07,11103270,197.90,207.38,197.33
2021-06-07,219.57,19034360,207.103,227.71,206.42
2021-06-08,213.00,11857630,220.10,222.3449,202.50
2021-06-09,217.44,8016465,212.30,221.50,212.01
2021-06-10,217.00,11763150,216.62,221.88,207.70
2021-06-11,218.85,5576026,211.90,218.90,211.80
2021-06-14,207.41,11743700,213.2727,213.4899,198.00
2021-06-15,201.59,6786260,203.49,207.85,199.20
2021-06-16,197.84,7264747,200.00,203.98,193.2016
2021-06-17,202.47,4955160,200.00,203.9223,197.72
2021-06-18,199.19,6663813,201.393,204.84,194.51
2021-06-21,208.24,7423063,200.86,211.04,200.00
2021-06-22,221.36,10066340,210.76,222.4048,210.2501
2021-06-23,212.04,14558440,219.98,224.57,205.55
2021-06-24,220.14,8171884,214.38,221.49,213.46
2021-06-25,219.94,13315620,221.26,226.51,216.33
2021-06-28,222.94,6190647,223.00,225.0914,215.60
2021-06-29,234.46,11417040,221.19,238.40,219.33
2021-06-30,234.98,9319109,237.98,245.70,232.41
2021-07-01,235.11,5933146,236.30,236.71,227.67
2021-07-02,234.30,4200450,235.10,238.90,230.14
2021-07-06,233.34,4956460,229.62,234.60,225.43
2021-07-07,221.90,4889299,231.76,231.86,220.8201
2021-07-08,232.79,8719363,215.66,233.41,214.07
2021-07-09,232.81,5305101,231.965,233.7999,224.28
2021-07-12,239.34,6938180,230.98,242.389,229.20
2021-07-13,235.15,4186383,239.14,239.8195,233.801
2021-07-14,246.66,9420397,237.245,249.92,237.22
2021-07-15,259.675,15130780,246.66,261.22,245.505
2021-07-16,286.43,41397250,276.92,288.88,271.50
2021-07-19,313.59,35526770,284.54,317.8796,283.14
2021-07-20,307.33,123115500,318.22,342.51,292.00
2021-07-21,321.11,30859290,298.51,325.88,293.62
2021-07-22,323.48,16491280,319.00,329.60,316.29
2021-07-23,348.83,23431400,330.90,349.45,325.17
2021-07-26,335.87,23387800,352.00,362.00,329.15
2021-07-27,328.50,17196690,335.309,344.889,318.29
2021-07-28,349.32,13091570,333.01,350.99,327.50
2021-07-29,345.64,10100730,350.64,351.2199,336.00
2021-07-30,353.60,11345690,346.90,359.90,342.28
2021-08-02,346.61,13685920,360.00,365.60,343.20
2021-08-03,386.51,20424080,348.50,386.98,344.50
2021-08-04,419.05,32251620,385.00,433.00,377.11
2021-08-05,416.26,25571510,409.72,443.99,403.00
2021-08-06,413.72,18924650,410.30,419.26,393.61
2021-08-09,484.47,42269880,411.3014,493.7565,409.66
2021-08-10,456.76,36503720,485.50,497.49,454.00
2021-08-11,385.33,53882160,443.57,453.73,372.00
2021-08-12,391.42,34345050,400.00,406.3499,377.09
2021-08-13,389.78,16533670,405.24,406.32,387.10
2021-08-16,373.86,23602810,379.27,379.57,349.00
2021-08-17,401.86,25982140,361.00,402.49,358.5501
2021-08-18,398.80,19121810,406.50,413.30,386.21
2021-08-19,375.53,14254720,385.00,394.9199,375.00
2021-08-20,382.98,13216680,374.5475,387.4899,369.26
2021-08-23,411.89,15796510,390.34,411.97,385.7716
2021-08-24,394.94,13957510,405.69,407.5796,387.56
2021-08-25,397.87,14427610,391.70,413.80,387.97
2021-08-26,400.30,8904421,395.45,404.67,392.1525
2021-08-27,382.22,13188480,398.825,398.98,378.72
2021-08-30,370.69,15529770,369.00,389.04,362.8001
2021-08-31,376.69,10922480,375.91,384.68,370.50
2021-09-01,389.94,11617300,382.837,394.98,375.20
2021-09-02,397.66,8909996,393.13,402.80,390.515
2021-09-03,416.70,13859920,392.71,416.81,388.68
2021-09-07,436.39,15995090,409.50,438.55,408.96
2021-09-08,422.90,11477790,433.72,437.17,418.20
2021-09-09,455.92,22189560,429.93,459.42,427.09
2021-09-10,449.38,12604790,463.157,464.85,448.11
2021-09-13,419.72,15664750,448.00,448.8099,415.00
2021-09-14,427.71,14736540,419.27,443.76,418.6331
2021-09-15,434.46,12893640,427.455,437.80,422.16
2021-09-16,440.65,10107390,431.21,446.6399,429.00
2021-09-17,430.05,30536390,438.53,442.00,406.8704
2021-09-20,423.33,12929380,417.5073,435.4499,416.511
2021-09-21,434.04,9355333,424.30,439.59,420.30
2021-09-22,440.72,9003453,433.09,443.73,428.60
2021-09-23,454.60,9620341,439.785,458.50,438.79
2021-09-24,430.14,12984590,448.08,453.61,426.61
2021-09-27,408.84,13348200,430.601,434.00,407.255
2021-09-28,384.21,15935990,398.56,403.2957,376.03
2021-09-29,378.90,11416660,393.21,397.98,375.5543
2021-09-30,384.86,9611512,381.82,390.60,377.1001
2021-10-01,341.09,34351290,358.33,359.115,323.41
2021-10-04,325.84,23331460,308.88,330.555,305.00
2021-10-05,332.11,11637490,331.00,338.0328,327.2001
2021-10-06,302.42,17457370,318.71,325.68,300.62
2021-10-07,309.36,15790960,295.46,317.3499,293.58
2021-10-08,304.91,10631840,310.80,314.05,297.5404
2021-10-11,305.10,7625781,299.32,314.11,298.10
2021-10-12,311.13,10193210,313.0346,315.94,301.9101
2021-10-13,321.50,12770610,314.90,327.74,313.30
2021-10-14,331.88,12851340,329.00,337.36,322.10
2021-10-15,324.21,17239830,341.01,341.5494,318.50
2021-10-18,334.84,8753671,322.26,338.54,320.5371
2021-10-19,333.61,8561130,339.105,347.87,331.0101
2021-10-20,333.01,4983222,334.01,338.60,329.36
2021-10-21,339.57,5597599,337.21,341.52,333.4001
2021-10-22,326.54,7780241,332.539,335.75,317.18
2021-10-25,349.56,9772171,327.36,350.06,323.27
2021-10-26,345.74,6673474,352.00,356.77,341.37
2021-10-27,340.88,4716018,344.25,350.64,338.34
2021-10-28,347.92,4738916,343.10,353.28,341.54
2021-10-29,345.21,4459009,344.47,347.70,337.2501
2021-11-01,337.17,8662836,334.99,338.07,320.55
2021-11-02,348.64,5259391,338.74,349.45,337.04
2021-11-03,345.92,6447838,350.00,350.10,336.20
2021-11-04,284.02,30967710,295.81,297.73,278.00
2021-11-05,236.99,59630300,241.57,246.10,210.96
2021-11-08,244.68,14606790,233.06,245.92,233.06
2021-11-09,236.85,10960270,246.07,250.57,232.21
2021-11-10,228.96,9118465,230.10,239.105,225.57
2021-11-11,225.82,8359368,227.67,232.27,221.60
2021-11-12,231.19,6831837,225.86,232.5599,224.4185
2021-11-15,235.07,5665206,230.825,236.60,225.63
2021-11-16,234.28,5331996,234.01,239.99,230.2861
2021-11-17,242.23,8015802,234.79,249.14,234.57
2021-11-18,251.41,7395597,246.12,253.19,243.79
2021-11-19,263.78,15624000,265.415,274.84,258.09
2021-11-22,282.69,13852830,268.07,289.00,264.20
2021-11-23,276.38,6903880,277.74,281.98,269.18
2021-11-24,273.39,4760232,273.01,275.2799,266.3101
2021-11-26,329.63,35901210,319.34,350.15,313.00
2021-11-29,368.51,33950630,370.33,376.65,350.27
2021-11-30,352.43,25159320,351.58,357.6399,337.29
2021-12-01,310.61,21597150,330.00,336.3599,310.57
2021-12-02,301.49,15409470,301.29,318.47,291.03
2021-12-03,306.72,12700060,318.09,318.7854,293.60
2021-12-06,265.33,19844960,280.85,287.4799,256.5601
2021-12-07,282.35,10767100,268.14,287.77,263.07
2021-12-08,283.40,7107664,282.38,288.28,272.91
2021-12-09,272.21,5231820,285.19,285.71,271.33
2021-12-10,257.06,17506620,235.405,261.966,233.51
2021-12-13,271.99,10588650,257.40,275.78,256.9711
2021-12-14,277.16,6444908,264.295,278.33,257.2005
2021-12-15,283.28,9269533,271.799,290.35,271.55
2021-12-16,282.02,5974339,284.20,287.1335,277.07
2021-12-17,294.80,10627520,275.57,296.39,269.00
2021-12-20,276.38,16985330,321.305,321.305,275.12
2021-12-21,268.14,12537390,275.50,281.30,257.20
2021-12-22,251.36,13957340,264.06,267.00,245.50
2021-12-23,249.99,9839176,250.41,253.65,238.50
2021-12-27,246.88,8262148,243.00,252.72,240.5801
2021-12-28,241.44,9288017,245.365,254.57,237.58
2021-12-29,247.88,9144618,239.33,249.489,233.20
2021-12-30,251.60,6581803,243.83,254.32,242.1349
2021-12-31,253.98,6822044,249.88,259.1989,246.70
2022-01-03,235.05,11885910,247.12,249.42,231.08
2022-01-04,233.06,10455050,232.20,239.4299,225.24
2022-01-05,215.23,9042165,232.10,237.88,214.60
2022-01-06,216.06,8173011,216.035,222.22,205.23
2022-01-07,213.86,5283143,216.414,221.9666,211.95
2022-01-10,233.70,17191460,211.37,241.99,207.50
2022-01-11,221.39,7331219,226.00,228.00,220.2801
2022-01-12,222.89,5846646,220.48,228.50,218.76
2022-01-13,210.17,7405741,219.56,221.4999,209.58
2022-01-14,204.73,10167550,204.01,212.76,200.08
2022-01-18,186.61,11043550,196.914,198.82,185.39
2022-01-19,174.07,10597580,188.84,191.34,173.41
2022-01-20,167.52,11489630,174.99,177.47,166.215
2022-01-21,160.07,11801340,166.23,171.2543,157.29
2022-01-24,157.30,16641990,153.47,158.00,138.17
2022-01-25,152.54,11474980,156.01,168.26,150.00
2022-01-26,154.96,9295899,157.99,165.85,152.80
2022-01-27,148.62,8661657,157.43,158.28,146.54
2022-01-28,159.47,6756236,149.95,159.87,146.76
2022-01-31,169.33,9292578,160.05,170.33,154.56
2022-02-01,172.74,7329761,175.20,177.57,167.29
2022-02-02,169.61,5395036,170.807,177.20,163.58
2022-02-03,163.95,4490400,165.07,170.10,163.20
2022-02-04,163.01,4375660,165.64,167.50,160.25
2022-02-07,160.27,4429256,162.2027,165.54,156.2701
2022-02-08,153.31,7616447,155.20,157.17,147.57
2022-02-09,164.03,5621557,154.3703,164.23,154.1725
2022-02-10,160.42,5965448,158.00,168.67,157.54
2022-02-11,161.32,5249692,161.25,168.79,160.08
2022-02-14,142.47,16669530,157.5261,159.4999,138.14
2022-02-15,151.12,10899700,142.49,152.93,139.211
2022-02-16,151.81,5536027,147.62,152.39,144.50
2022-02-17,146.36,6182300,150.20,154.66,145.28
2022-02-18,145.74,5457144,147.55,151.4561,141.31
2022-02-22,144.97,6637701,142.26,151.20,141.86
2022-02-23,135.73,7822328,145.17,145.719,134.00
2022-02-24,156.23,17396040,139.865,156.42,138.12
2022-02-25,151.33,7818013,156.02,156.19,147.01
2022-02-28,153.60,6601723,150.98,155.47,147.44
2022-03-01,149.52,4842243,152.48,156.3793,147.92
2022-03-02,147.86,5393578,149.44,150.57,140.44
2022-03-03,141.52,4623191,147.90,149.232,139.53
2022-03-04,136.46,5507946,140.82,143.91,135.91
2022-03-07,126.46,6177210,135.12,138.40,126.28
2022-03-08,129.28,6675723,125.00,136.96,122.01
2022-03-09,142.49,9533949,132.075,145.28,132.05
2022-03-10,139.52,5557146,139.51,140.83,135.85
2022-03-11,138.20,5356440,140.75,145.80,138.00
2022-03-14,150.07,22841080,140.20,166.75,139.73
2022-03-15,148.12,13191470,156.27,158.00,141.75
2022-03-16,169.36,14087380,150.00,169.80,149.67
2022-03-17,168.26,7786219,167.75,172.1369,160.66
2022-03-18,178.93,12529400,171.58,180.80,170.10
2022-03-21,175.38,6015551,179.91,182.60,172.44
2022-03-22,186.72,8568006,175.38,188.00,168.18
2022-03-23,178.73,7317214,184.66,185.75,176.80
2022-03-24,179.68,6317254,175.84,181.86,172.35
2022-03-25,165.92,8292801,178.25,179.19,163.031
2022-03-28,173.08,6437419,167.37,174.45,165.80
2022-03-29,180.64,7226269,174.07,182.10,171.03
2022-03-30,174.92,7029003,182.57,187.7099,172.77
2022-03-31,172.26,5683499,175.22,178.4371,171.11
2022-04-01,176.59,4913716,173.35,179.03,170.60
2022-04-04,172.54,5915128,177.24,180.87,171.07
2022-04-05,162.05,6652953,169.25,172.395,160.43
2022-04-06,154.62,7409789,157.48,161.64,150.705
2022-04-07,159.00,5726253,153.13,159.7742,151.39
2022-04-08,160.84,5456457,156.79,165.18,156.60
2022-04-11,160.00,5226721,156.00,163.35,152.10
2022-04-12,159.50,5040817,158.99,164.7784,157.00
2022-04-13,169.66,6735280,158.37,172.46,155.69
2022-04-14,165.49,4348281,168.59,170.75,164.85
2022-04-18,154.75,4826017,165.00,165.8899,154.27
2022-04-19,152.72,6561358,151.77,153.67,147.23
2022-04-20,150.12,3925617,152.97,153.67,146.5601
2022-04-21,144.50,3911726,149.43,154.71,144.03
2022-04-22,140.34,4114099,143.23,148.81,139.865
2022-04-25,150.41,6101025,139.90,151.37,139.4001
2022-04-26,145.79,5155088,148.48,151.7399,143.99
2022-04-27,142.43,4716723,146.09,149.85,139.31
2022-04-28,142.52,5678914,143.73,148.45,136.085
2022-04-29,134.41,7103050,144.47,150.35,134.19
2022-05-02,142.08,7773157,134.87,146.45,134.82
2022-05-03,146.54,6326009,141.93,149.28,137.53
2022-05-04,155.05,11093090,153.48,155.46,142.2277
2022-05-05,142.02,8060872,151.87,152.00,138.65
2022-05-06,134.40,7013011,139.70,140.60,131.00
2022-05-09,135.80,9625849,132.79,141.6526,131.78
2022-05-10,132.32,8180204,137.40,139.055,127.61
2022-05-11,123.43,7409302,130.74,134.91,122.7204
2022-05-12,130.17,7106650,120.60,132.937,119.01
2022-05-13,137.91,6494735,132.31,141.65,132.31
2022-05-16,136.26,4535615,135.87,141.60,133.82
2022-05-17,142.28,5960695,137.52,143.89,136.09
2022-05-18,137.71,4977757,138.41,144.13,136.29
2022-05-19,143.38,7708082,140.87,148.50,140.4601
2022-05-20,136.25,5882504,143.07,144.77,131.35
2022-05-23,137.62,4284431,137.60,141.31,136.235
2022-05-24,132.06,6154311,136.235,136.60,126.77
2022-05-25,130.85,5343295,130.98,133.00,126.28
2022-05-26,135.80,5155570,130.85,136.14,126.53
2022-05-27,147.66,7590709,137.38,148.5399,136.59
2022-05-31,145.33,8343905,145.055,149.44,142.74
2022-06-01,143.40,3646586,146.09,149.08,140.87
2022-06-02,140.18,7152203,140.20,142.50,130.92
2022-06-03,137.15,4059345,139.58,143.38,135.0702
2022-06-06,140.00,3139990,137.99,143.00,136.71
2022-06-07,145.34,4072496,139.37,146.355,137.96
2022-06-08,148.53,4711257,147.47,152.73,146.75
2022-06-09,134.04,7533958,148.46,148.74,134.00
2022-06-10,127.12,6265055,132.89,134.69,124.53
2022-06-13,117.13,6700729,122.71,124.78,115.61
2022-06-14,121.56,5499054,117.26,123.15,115.89
2022-06-15,128.53,6965005,122.44,131.38,122.44
2022-06-16,121.08,5719968,124.38,125.255,118.06
2022-06-17,128.03,8355966,120.73,128.77,120.20
2022-06-21,129.99,4321370,130.495,134.575,129.67
2022-06-22,136.07,6048409,127.50,139.90,126.5901
2022-06-23,143.26,4721237,136.04,143.66,132.80
2022-06-24,144.27,8480488,143.99,144.89,138.22
2022-06-27,145.36,4392762,143.00,146.40,138.49
2022-06-28,142.19,3988199,143.40,149.79,140.95
2022-06-29,142.81,2908054,140.425,144.36,138.618
2022-06-30,142.85,5631685,143.40,147.35,135.52
2022-07-01,149.95,4838179,141.93,151.10,139.54
2022-07-05,155.54,6016132,148.66,158.79,146.84
2022-07-06,159.56,4955561,154.51,161.01,150.40
2022-07-07,172.40,7626049,159.50,173.66,159.38
2022-07-08,176.23,7547201,170.72,180.73,170.36
2022-07-11,175.26,6596961,173.51,180.48,171.29
2022-07-12,173.25,5141500,174.73,176.90,170.16
2022-07-13,171.24,4075781,168.88,176.65,167.15
2022-07-14,159.92,6758967,169.24,170.8618,155.93
2022-07-15,166.91,4272920,161.00,167.00,155.93
2022-07-18,163.40,3515388,169.11,172.73,162.56
2022-07-19,167.14,3006549,166.76,167.98,161.27
2022-07-20,166.89,2888851,167.00,172.51,163.92
2022-07-21,168.89,2518414,165.36,171.89,165.25
2022-07-22,163.52,2925006,170.00,171.105,161.435
2022-07-25,165.69,2488493,162.75,167.2681,159.13
2022-07-26,160.90,2884682,166.30,166.30,159.905
2022-07-27,158.02,4284987,161.00,161.2819,154.10
2022-07-28,158.07,3494595,157.00,158.81,151.73
2022-07-29,164.09,3858971,161.44,164.60,159.44
2022-08-01,161.51,3793993,163.85,166.1794,160.06
2022-08-02,160.81,3522816,161.03,165.29,160.76
2022-08-03,186.49,13750870,167.74,189.33,167.74
2022-08-04,194.18,6876984,185.75,197.44,185.47
2022-08-05,186.84,5426044,189.271,192.40,182.26
2022-08-08,182.94,4078574,185.20,190.28,180.09
2022-08-09,171.14,5082546,176.01,180.71,169.2021
2022-08-10,174.27,3550260,174.09,176.68,169.82
2022-08-11,171.81,3340457,174.435,179.85,171.06
2022-08-12,171.18,2818023,172.68,173.95,168.64
2022-08-15,176.78,4883969,172.85,179.33,171.85
2022-08-16,167.96,5053641,176.00,180.13,166.605
2022-08-17,158.00,5518239,165.045,167.62,157.68
2022-08-18,150.00,7043405,157.00,158.5099,148.26
2022-08-19,146.10,4688345,147.64,150.75,144.99
2022-08-22,142.47,4488861,145.25,148.88,141.57
2022-08-23,143.78,3677613,141.70,144.8084,139.21
2022-08-24,141.43,3486365,142.66,144.22,140.63
2022-08-25,142.05,3422769,142.25,142.28,137.78
2022-08-26,136.70,3997176,142.80,145.50,136.66
2022-08-29,137.26,3239003,135.09,139.37,135.00
2022-08-30,135.93,3607065,137.90,138.00,132.8182
2022-08-31,132.27,4396470,136.95,139.88,131.71
2022-09-01,138.95,6664827,131.13,139.00,130.11
2022-09-02,138.57,5267679,140.36,140.93,137.4691
2022-09-06,130.08,5871440,138.00,138.40,129.82
2022-09-07,134.90,3967579,129.68,135.10,129.58
2022-09-08,141.28,5053507,136.70,142.26,136.10
2022-09-09,142.28,3500908,142.04,142.65,138.06
2022-09-12,140.32,3442187,142.00,144.7878,139.76
2022-09-13,131.30,4907231,136.06,138.23,131.05
2022-09-14,139.40,7904864,134.01,141.82,133.59
2022-09-15,135.86,4359813,138.61,139.8399,135.58
2022-09-16,137.74,7562353,134.37,139.8799,133.76
2022-09-19,127.90,11469070,135.70,135.99,123.6854
2022-09-20,129.705,8551118,125.80,134.35,125.79
2022-09-21,125.76,3852922,130.37,131.79,125.68
2022-09-22,124.32,3466325,124.316,126.08,122.90
2022-09-23,123.64,3942637,122.81,125.01,121.25
2022-09-26,119.69,3824671,123.34,125.88,119.56
2022-09-27,122.23,3798010,120.58,125.16,120.25
2022-09-28,122.15,4245868,123.58,126.29,121.82
2022-09-29,118.07,4757236,119.90,120.58,115.03
2022-09-30,118.25,3856002,118.44,122.58,118.08
2022-10-03,120.99,3812179,119.32,122.3981,115.41
2022-10-04,125.67,3464287,123.67,126.41,123.50
2022-10-05,125.62,2277578,122.40,126.74,121.61
2022-10-06,125.15,2363404,124.78,127.64,122.93
2022-10-07,119.32,3158392,121.50,123.36,118.46
2022-10-10,123.42,3824119,119.32,125.25,118.47
2022-10-11,120.72,2963700,123.29,124.78,118.94
2022-10-12,130.72,17675980,135.555,141.47,129.61
2022-10-13,134.72,5068095,126.36,136.1199,126.19
2022-10-14,134.00,4581428,135.68,136.16,131.3148
2022-10-17,139.25,4638378,135.52,140.32,133.00
2022-10-18,134.09,5096228,140.74,141.00,132.39
2022-10-19,123.52,6024473,132.50,133.29,122.92
2022-10-20,118.38,5497710,122.94,124.69,118.31
2022-10-21,128.32,8129290,123.77,130.30,122.03
2022-10-24,133.02,4102743,127.49,133.96,126.72
2022-10-25,136.57,4345339,134.00,138.35,133.0006
2022-10-26,142.00,5736947,137.25,147.68,137.02
2022-10-27,144.11,3672444,143.38,146.25,140.80
2022-10-28,150.97,4567878,142.84,151.19,142.84
2022-10-31,150.33,3675236,149.43,154.34,148.57
2022-11-01,154.62,4344258,154.77,158.88,152.41
2022-11-02,148.62,5048359,154.20,156.18,148.30
2022-11-03,147.50,9194401,138.76,150.7464,135.09
2022-11-04,158.41,8108538,149.62,160.74,143.645
2022-11-07,164.04,4858549,158.46,165.49,155.81
2022-11-08,164.61,3389219,162.46,167.49,159.06
2022-11-09,163.21,3813822,162.50,169.83,162.35
2022-11-10,168.56,4886057,164.525,169.28,161.71
2022-11-11,171.20,3611647,168.31,172.135,162.74
2022-11-14,179.03,6662503,169.27,184.24,169.27
2022-11-15,185.47,5159030,180.66,187.87,178.35
2022-11-16,185.25,4029981,184.44,188.65,182.88
2022-11-17,183.90,3372363,181.33,184.44,178.98
2022-11-18,181.59,3549453,184.00,188.45,181.22
2022-11-21,176.75,3100124,179.71,180.79,175.17
2022-11-22,179.59,3307117,176.08,179.83,170.27
2022-11-23,176.81,2311841,178.01,179.36,174.58
2022-11-25,176.40,1221141,175.01,179.14,173.41
2022-11-28,175.38,3749423,177.09,184.22,174.67
2022-11-29,173.15,2840909,176.15,179.00,171.53
2022-11-30,175.91,3720186,173.52,176.75,169.06
2022-12-01,181.48,4871969,173.41,185.90,172.38
2022-12-02,182.35,2765421,178.50,182.80,177.00
2022-12-05,175.93,3525387,180.99,183.685,173.59
2022-12-06,173.54,3392302,175.02,175.78,169.70
2022-12-07,179.00,3579317,172.31,180.385,171.85
2022-12-08,184.70,3414039,179.12,185.21,177.52
2022-12-09,177.35,3497758,185.00,185.409,177.10
2022-12-12,165.13,5202241,175.53,175.7725,162.78
2022-12-13,197.54,26239600,187.33,208.52,184.02
2022-12-14,208.95,21435190,195.08,217.25,192.541
2022-12-15,207.25,9646692,207.61,212.44,202.09
2022-12-16,193.29,11819350,206.37,209.85,190.62
2022-12-19,189.89,6953325,200.00,204.00,187.8601
2022-12-20,201.16,9561803,189.00,204.22,187.54
2022-12-21,210.04,7584039,201.85,210.22,199.75
2022-12-22,208.34,5376622,209.82,212.47,201.6101
2022-12-23,199.08,6166010,206.69,208.99,197.56
2022-12-27,180.17,6735964,199.90,201.43,179.83
2022-12-28,176.50,5525574,180.00,183.75,174.51
2022-12-29,178.86,3746780,178.19,182.50,175.4001
2022-12-30,179.62,3435953,176.22,179.69,172.31
2023-01-03,178.99,4027934,180.85,184.39,178.23
2023-01-04,177.36,2840936,182.42,183.61,175.63
2023-01-05,173.51,3050587,174.80,175.5135,171.60
2023-01-06,180.35,3575006,174.96,181.7399,171.40
2023-01-09,183.95,4344021,181.80,188.36,177.27
2023-01-10,189.65,2457901,182.70,189.81,181.5025
2023-01-11,186.64,3152749,188.57,189.65,182.6682
2023-01-12,188.06,3881563,186.54,189.29,179.15
2023-01-13,192.00,3230239,185.08,192.12,185.05
2023-01-17,190.69,3722084,187.895,194.63,187.64
2023-01-18,197.02,11058940,200.322,207.51,195.02
2023-01-19,190.38,4273936,196.21,197.31,190.32
2023-01-20,193.98,4047181,190.60,194.585,188.52
2023-01-23,196.94,2907292,192.61,198.86,192.21
2023-01-24,196.76,1851328,195.83,197.06,193.215
2023-01-25,193.07,2288175,194.33,194.96,189.75
2023-01-26,193.24,2392332,194.43,195.00,187.55
2023-01-27,189.35,3346513,191.91,193.52,188.28
2023-01-30,180.87,3198156,187.23,187.59,180.64
2023-01-31,176.06,6212664,176.50,180.21,173.78
2023-02-01,174.30,5607529,174.70,176.30,167.28
2023-02-02,176.35,4061548,173.40,176.73,170.51
2023-02-03,173.25,2821351,172.74,178.74,172.40
2023-02-06,170.27,2858045,171.98,174.41,169.67
2023-02-07,171.06,2574091,170.26,171.87,167.03
2023-02-08,164.34,2960515,169.33,170.39,164.15
2023-02-09,164.48,2853832,167.03,170.10,163.19
2023-02-10,169.28,2945196,164.00,169.51,162.65
2023-02-13,171.48,2702267,168.73,171.77,166.01
2023-02-14,175.62,2906417,170.89,176.04,169.29
2023-02-15,177.28,1963347,173.17,177.37,172.45
2023-02-16,172.31,2466634,173.07,176.20,171.59
2023-02-17,166.60,5056964,163.00,166.72,160.66
2023-02-21,160.09,3295748,165.25,166.86,159.49
2023-02-22,158.17,3082490,160.35,161.49,157.00
2023-02-23,147.57,9378868,153.73,157.50,143.7192
2023-02-24,139.26,5998695,140.53,144.27,138.21
2023-02-27,138.27,4965970,139.52,140.91,136.72
2023-02-28,138.81,3994993,138.27,140.96,137.3702
2023-03-01,135.66,4588069,138.39,140.28,133.66
2023-03-02,137.86,3306708,135.36,139.03,135.34
2023-03-03,143.20,3964829,138.68,144.855,138.15
2023-03-06,144.03,2871108,143.30,145.06,142.63
2023-03-07,141.05,2777656,143.78,145.74,139.68
2023-03-08,142.08,2193844,140.32,142.53,140.32
2023-03-09,137.36,3092631,142.04,144.03,136.5159
2023-03-10,138.29,3886257,137.06,141.55,135.5919
2023-03-13,147.90,5681250,138.49,148.94,138.06
2023-03-14,151.28,3952630,148.98,154.88,148.05
2023-03-15,149.60,2740001,148.88,151.19,147.61
2023-03-16,151.78,2662790,149.67,152.8519,147.9701
2023-03-17,150.02,5997422,151.92,154.4799,149.10
2023-03-20,154.52,3263821,150.01,156.57,148.66
2023-03-21,152.10,3010634,154.54,155.70,151.82
2023-03-22,148.18,2820631,153.31,153.68,148.07
2023-03-23,149.42,2708685,149.92,153.76,146.90
2023-03-24,150.88,1988889,149.74,152.57,148.97
2023-03-27,148.35,2641363,149.80,150.38,145.36
2023-03-28,146.92,1992767,147.98,149.66,146.18
2023-03-29,148.80,1902421,149.00,150.0898,147.555
2023-03-30,147.44,2209553,150.20,151.25,146.595
2023-03-31,153.58,3784556,148.52,154.98,147.89
2023-04-03,159.48,3972412,153.50,159.99,153.50
2023-04-04,156.52,2308680,159.21,159.68,156.03
2023-04-05,154.61,2278786,155.79,156.87,152.249
2023-04-06,158.27,2618730,155.00,159.07,153.49
2023-04-10,160.15,2726115,160.00,161.19,154.445
2023-04-11,155.25,6591143,152.43,156.78,149.32
2023-04-12,155.56,2964903,156.35,159.05,154.62
2023-04-13,160.53,2911478,156.61,162.10,155.32
2023-04-14,157.10,2661690,159.95,163.24,155.35
2023-04-17,143.97,11560380,156.60,156.75,143.2063
2023-04-18,142.63,4405500,144.00,144.93,141.01
2023-04-19,142.82,2820196,141.57,144.06,141.25
2023-04-20,141.14,3143993,141.40,144.43,140.44
2023-04-21,140.85,3128171,141.01,142.82,138.55
2023-04-24,138.14,3507713,140.87,141.20,136.05
2023-04-25,134.90,3276415,138.13,139.62,134.70
2023-04-26,130.72,3575075,134.81,135.97,129.88
2023-04-27,130.07,3097586,130.89,132.27,129.65
2023-04-28,132.89,2996691,130.04,133.26,129.02
2023-05-01,133.40,2748513,132.00,134.53,130.71
2023-05-02,131.40,3247617,133.51,135.56,130.54
2023-05-03,130.14,3322146,130.52,132.88,129.85
2023-05-04,134.33,5504814,133.93,138.22,129.75
2023-05-05,137.04,3378112,134.65,138.18,132.14
2023-05-08,131.75,3990660,136.24,137.13,131.20
2023-05-09,133.77,2561351,131.48,133.88,130.91
2023-05-10,130.83,2842798,134.56,135.33,130.37
2023-05-11,128.41,2868707,130.97,131.40,126.55
2023-05-12,129.30,1895267,128.50,131.06,128.05
2023-05-15,130.26,2279325,128.70,130.75,126.4975
2023-05-16,125.11,3687930,129.37,129.50,124.25
2023-05-17,125.57,2574443,124.25,126.99,122.56
2023-05-18,125.33,3008885,125.92,126.01,122.99
2023-05-19,126.24,2603649,126.18,126.88,124.58
2023-05-22,126.74,1682913,126.25,127.83,125.69
2023-05-23,137.75,7730537,126.49,139.91,125.60
2023-05-24,131.59,5320938,141.19,142.79,130.34
2023-05-25,126.47,4234907,130.00,130.16,125.80
2023-05-26,126.24,3644408,128.49,128.49,124.2501
2023-05-30,128.89,2618541,126.47,129.24,124.23
2023-05-31,127.71,3929465,128.88,130.45,125.16
2023-06-01,128.52,1942173,128.44,129.09,125.50
2023-06-02,130.51,2357539,129.75,131.65,128.82
2023-06-05,128.90,3206071,131.00,134.585,128.84
2023-06-06,126.90,2491424,129.00,129.15,124.75
2023-06-07,125.61,3161355,126.59,127.09,125.30
2023-06-08,124.94,2498508,125.41,125.41,122.28
2023-06-09,123.26,2203665,124.70,125.626,122.80
2023-06-12,123.52,2987129,123.36,123.88,121.5529
2023-06-13,127.98,3328079,123.25,128.84,122.90
2023-06-14,126.05,2980223,128.08,128.62,124.61
2023-06-15,129.98,3027829,126.00,130.19,125.08
2023-06-16,128.73,5499635,130.95,133.165,126.98
2023-06-20,124.23,2993558,127.80,128.20,124.06
2023-06-21,121.07,2908131,123.50,124.16,121.00
2023-06-22,120.48,3267315,121.00,121.3199,118.44
2023-06-23,118.50,3284363,119.70,120.12,117.2268
2023-06-26,120.41,3466093,121.20,122.95,119.2084
2023-06-27,120.67,2375314,120.45,120.89,118.51
2023-06-28,123.00,2534279,121.19,123.225,119.16
2023-06-29,122.11,1886128,122.50,122.9783,121.30
2023-06-30,121.50,2405256,123.15,123.61,121.50
2023-07-03,121.73,1777979,121.75,122.94,120.12
2023-07-05,123.54,5001176,122.89,128.98,122.51
2023-07-06,118.29,4857064,122.51,123.27,117.11
2023-07-07,118.87,2436934,118.01,120.14,117.815
2023-07-10,123.09,3401848,118.87,123.60,118.64
2023-07-11,122.13,2127270,123.44,124.50,121.205
2023-07-12,125.92,2968615,124.46,127.38,123.5503
2023-07-13,126.61,2521400,126.52,128.06,126.06
2023-07-14,121.35,4104580,124.52,124.8824,120.58
2023-07-17,122.60,2681823,120.60,122.84,120.07
2023-07-18,122.61,2837263,122.60,125.49,121.75
2023-07-19,125.17,3028996,123.49,126.78,123.22
2023-07-20,124.77,2622428,124.58,127.48,124.58
2023-07-21,126.43,7268863,125.73,127.22,121.61
2023-07-24,123.01,4152122,126.43,126.46,121.28
2023-07-25,121.87,2707317,123.18,125.36,121.78
2023-07-26,120.65,2583614,121.87,121.95,118.90
2023-07-27,118.51,2545199,121.50,122.14,118.25
2023-07-28,118.66,2393474,119.23,120.23,118.48
2023-07-31,117.66,3168702,118.72,119.035,117.05
2023-08-01,113.94,4869464,117.00,117.046,113.77
2023-08-02,110.22,4548953,112.60,114.12,110.04
2023-08-03,109.95,6044290,108.63,114.77,108.26
2023-08-04,108.19,4035010,108.89,111.68,107.60
2023-08-07,101.20,10238880,106.53,106.53,98.43
2023-08-08,99.74,4704091,101.36,101.825,98.86
2023-08-09,101.82,3758527,99.57,102.85,98.6384
2023-08-10,100.28,3109635,102.88,104.17,99.69
2023-08-11,101.49,2857252,99.08,102.02,98.95
2023-08-14,100.00,3037879,100.87,100.87,97.80
2023-08-15,96.41,3226520,98.73,98.93,96.1038
2023-08-16,98.92,5198558,95.46,99.74,95.02
2023-08-17,106.24,7535409,98.99,106.58,98.92
2023-08-18,101.62,4137407,105.90,107.26,101.40
2023-08-21,111.08,7747347,101.99,112.32,101.82
2023-08-22,116.24,7101638,112.50,116.88,112.46
2023-08-23,115.46,3767962,117.34,117.68,111.85
2023-08-24,112.65,2719166,114.93,115.37,112.58
2023-08-25,111.93,2707984,113.65,114.70,109.81
2023-08-28,113.83,2698814,114.73,116.95,113.00
2023-08-29,115.99,2851365,113.75,116.44,113.72
2023-08-30,116.62,3328519,116.19,118.07,114.00
2023-08-31,113.07,3305414,116.44,116.60,112.86
2023-09-01,112.56,2236801,114.21,114.72,111.575
2023-09-05,109.36,2866702,112.72,112.779,108.985
2023-09-06,108.24,2924788,109.75,109.75,106.60
2023-09-07,108.35,2664130,107.61,110.12,106.70
2023-09-08,107.64,2161674,107.62,109.47,106.87
2023-09-11,105.80,3055384,106.80,107.25,104.5001
2023-09-12,105.24,2734324,105.37,106.175,103.5325
2023-09-13,108.59,9816733,113.80,114.88,107.24
2023-09-14,112.81,5512627,108.59,114.33,106.39
2023-09-15,114.59,6327782,112.99,115.25,111.90
2023-09-18,104.14,7528881,114.205,114.30,103.81
2023-09-19,106.74,4122288,102.31,107.79,101.85
2023-09-20,103.53,2875210,106.65,106.66,103.2676
2023-09-21,100.23,3220767,101.78,103.5934,100.07
2023-09-22,99.99,2278271,100.77,100.98,98.51
2023-09-25,98.17,2908970,99.52,99.80,97.11
2023-09-26,98.12,2888397,98.57,99.621,97.89
2023-09-27,99.44,2367422,98.76,100.33,97.9001
2023-09-28,100.27,2034489,98.94,101.03,97.32
2023-09-29,103.29,4202908,100.97,104.74,100.97
2023-10-02,103.31,2413350,103.12,104.06,101.48
2023-10-03,103.08,2417766,101.93,103.68,100.92
2023-10-04,104.26,3296647,104.61,104.8163,99.3301
2023-10-05,102.97,2824110,103.70,104.3583,99.61
2023-10-06,103.88,2463001,101.63,104.97,101.11
2023-10-09,101.84,3170746,102.73,102.77,98.01
2023-10-10,104.43,2245324,101.95,104.842,101.50
2023-10-11,102.76,2095371,104.96,105.9412,102.43
2023-10-12,100.78,2749167,102.00,102.81,100.31
2023-10-13,98.30,3388315,100.00,100.59,97.56
2023-10-16,91.94,9062584,95.30,96.65,90.18
2023-10-17,86.33,8604549,90.38,91.69,86.24
2023-10-18,86.01,4690765,85.55,87.55,85.10
2023-10-19,82.37,6495566,85.81,86.89,80.48
2023-10-20,80.40,5462556,82.13,82.45,79.71
2023-10-23,78.64,4584234,79.15,80.815,78.28
2023-10-24,79.76,3194843,78.81,81.624,78.81
2023-10-25,76.76,3607808,78.55,78.82,75.89
2023-10-26,75.98,3429810,76.73,77.2199,75.44
2023-10-27,71.91,5440795,75.90,76.5595,71.55
2023-10-30,74.07,4228357,71.88,74.40,71.80
2023-10-31,75.96,3777327,72.91,76.15,72.65
2023-11-01,76.20,4138978,75.22,77.00,74.62
2023-11-02,71.23,16648620,64.35,73.30,62.55
2023-11-03,77.53,8881106,73.09,79.25,73.0428
2023-11-06,72.07,6002977,78.04,79.0571,71.70
2023-11-07,73.66,4003473,72.22,73.72,71.34
2023-11-08,71.34,4526122,73.65,73.67,70.1123
2023-11-09,69.51,3651298,71.74,71.80,68.95
2023-11-10,70.05,3976320,69.60,70.28,67.85
2023-11-13,70.21,3170149,69.59,70.26,67.62
2023-11-14,74.10,4445461,73.62,74.75,72.99
2023-11-15,76.35,3954850,74.46,78.30,74.21
2023-11-16,76.55,3108855,76.15,76.62,74.18
2023-11-17,76.44,3157606,77.15,77.42,74.78
2023-11-20,78.96,3547116,76.80,79.80,76.01
2023-11-21,77.14,2713999,77.08,77.67,75.90
2023-11-22,78.17,2203917,78.06,78.67,76.835
2023-11-24,78.52,2152974,78.66,81.12,77.77
2023-11-27,77.72,2960110,78.36,78.36,75.66
2023-11-28,78.18,2240038,77.32,78.25,75.84
2023-11-29,79.01,2569849,78.95,80.89,78.85
2023-11-30,77.70,3314985,79.63,80.20,77.52
2023-12-01,79.83,3958346,76.58,80.26,74.50
2023-12-04,79.87,3171966,79.56,80.73,77.66
2023-12-05,78.28,2160072,78.30,79.7185,77.70
2023-12-06,80.60,4404650,78.97,84.12,77.6401
2023-12-07,79.95,3477607,80.49,80.53,77.40
2023-12-08,80.32,2931622,79.16,81.82,78.76
2023-12-11,82.00,3858610,79.94,82.56,79.77
2023-12-12,78.04,5207910,81.24,81.39,76.41
2023-12-13,78.60,7960547,76.00,78.72,73.25
2023-12-14,85.87,22300250,88.47,94.93,83.73
2023-12-15,86.01,12822440,87.03,89.53,85.40
2023-12-18,85.42,5815286,85.87,86.80,83.60
2023-12-19,89.09,5931991,86.41,89.295,84.80
2023-12-20,86.19,4503356,88.93,90.18,86.12
2023-12-21,91.16,5337113,87.50,92.3848,86.68
2023-12-22,94.89,6174806,92.00,96.49,91.95
2023-12-26,97.33,3852772,96.39,97.77,94.3417
2023-12-27,100.73,5413148,98.47,100.98,97.3633
2023-12-28,98.79,4561913,101.60,102.95,97.91
2023-12-29,99.45,5204646,98.61,100.80,98.02
2024-01-02,112.50,14530220,99.88,115.68,99.40
2024-01-03,108.58,8350953,112.51,112.67,107.58
2024-01-04,108.66,6284631,109.01,109.41,105.51
2024-01-05,111.12,9216724,107.77,115.81,106.50
2024-01-08,115.44,6011779,111.47,115.97,108.62
2024-01-09,110.18,5099137,113.88,114.25,108.8747
2024-01-10,109.46,4082663,110.00,110.01,106.65
2024-01-11,106.795,4015864,108.61,108.61,105.53
2024-01-12,105.95,3872881,107.00,110.80,105.88
2024-01-16,102.16,5930182,104.31,104.31,97.52
2024-01-17,100.35,4584949,98.30,101.49,97.61
2024-01-18,99.07,3781762,100.01,100.01,96.65
2024-01-19,99.70,3733489,98.43,100.44,97.0799
2024-01-22,99.70,3403256,100.25,102.9699,98.60
2024-01-23,101.92,2818574,100.50,102.94,99.54
2024-01-24,101.11,2595643,103.20,104.27,101.01
2024-01-25,102.81,2688985,101.76,103.815,101.07
2024-01-26,101.81,2346289,103.55,103.90,101.0101
2024-01-29,104.84,3458116,101.79,105.81,100.01
2024-01-30,102.47,2180107,103.51,104.00,101.90
2024-01-31,101.05,2543615,102.47,104.09,100.50
2024-02-01,99.02,3770447,100.90,101.00,97.17
2024-02-02,97.50,3352347,97.39,98.21,95.30
2024-02-05,95.49,2799244,96.70,96.95,94.1737
2024-02-06,100.03,3046850,95.65,100.1033,95.14
2024-02-07,99.30,2271473,100.15,100.24,97.86
2024-02-08,93.66,4916430,99.00,99.00,92.95
2024-02-09,87.41,7216450,93.36,93.36,86.41
2024-02-12,89.00,3991684,87.41,89.07,85.75
2024-02-13,85.37,4035145,86.81,88.30,84.06
2024-02-14,85.95,3572060,86.04,86.85,84.23
2024-02-15,91.14,4972760,86.13,92.08,84.80
2024-02-16,88.37,3708097,90.41,90.85,87.37
2024-02-20,86.99,3140293,87.36,89.54,86.48
2024-02-21,87.59,3759970,86.15,88.57,85.53
2024-02-22,99.44,11354470,91.865,101.73,91.06
2024-02-23,96.46,4531114,99.60,100.97,95.32
2024-02-26,94.02,4580980,93.68,94.79,91.46
2024-02-27,96.20,3086137,94.31,97.47,92.50
2024-02-28,97.48,2971906,95.00,99.27,94.34
2024-02-29,92.24,5324001,96.79,97.24,92.22
2024-03-01,95.06,3789169,92.52,96.88,92.11
2024-03-04,96.00,3474024,94.65,96.135,92.60
2024-03-05,95.56,2864766,94.65,96.17,93.35
2024-03-06,98.10,3327336,96.38,98.51,95.5801
2024-03-07,99.48,3204749,99.10,99.92,96.515
2024-03-08,103.03,4328335,99.21,103.95,98.65
2024-03-11,111.98,9874408,103.44,114.25,102.75
2024-03-12,110.43,4180437,112.00,113.70,109.9224
2024-03-13,106.51,5122006,110.43,112.65,105.99
2024-03-14,103.46,4635880,106.14,106.99,101.88
2024-03-15,103.85,5464806,103.17,104.725,100.9399
2024-03-18,104.26,4034481,104.98,107.59,103.65
2024-03-19,105.11,3045309,103.90,105.55,102.64
2024-03-20,103.08,3424151,103.41,103.597,100.30
2024-03-21,104.09,2254570,104.50,106.38,102.55
2024-03-22,105.43,2037299,104.11,105.97,103.51
2024-03-25,110.38,3569441,106.00,110.75,105.90
2024-03-26,107.41,4151787,111.80,111.80,106.93
2024-03-27,110.59,4575169,109.58,111.125,105.04
2024-03-28,106.56,3960666,111.10,112.00,105.95
2024-04-01,105.60,2918219,106.29,106.65,103.55
2024-04-02,103.61,2603100,104.71,105.9475,103.07
2024-04-03,101.21,5167815,103.00,105.15,97.00
2024-04-04,102.27,3088009,102.69,105.98,101.72
2024-04-05,102.88,2132169,101.76,103.82,101.05
2024-04-08,105.09,2060119,102.27,105.225,101.06
2024-04-09,111.60,8945993,105.90,115.89,105.78
2024-04-10,107.14,3537391,107.65,110.285,105.90
2024-04-11,107.01,3208650,107.56,108.60,103.68
2024-04-12,105.14,2416804,106.00,107.88,104.65
2024-04-15,103.86,2273835,105.02,106.20,102.30
2024-04-16,103.79,2164122,102.08,106.42,101.2966
2024-04-17,103.44,2000284,105.14,105.14,102.27
2024-04-18,102.00,1798498,102.53,103.505,99.90
2024-04-19,101.41,2670446,102.37,103.795,100.45
2024-04-22,104.46,3176356,102.79,105.43,99.30
2024-04-23,107.89,2435253,104.46,108.21,103.48
2024-04-24,108.85,3410216,111.05,111.29,106.64
2024-04-25,106.18,2798459,107.43,108.23,103.52
2024-04-26,107.97,2247093,106.18,108.19,105.25
2024-04-29,111.62,2610736,108.78,112.33,108.72
2024-04-30,110.31,3211988,110.50,113.21,109.55
2024-05-01,111.46,3842952,111.11,113.73,109.00
2024-05-02,125.59,11973080,114.86,128.81,114.06
2024-05-03,125.00,4513133,125.00,126.40,122.01
2024-05-06,122.13,3953207,125.00,125.15,118.75
2024-05-07,121.07,2894011,122.86,123.50,118.68
2024-05-08,121.89,2507503,120.00,122.825,119.50
2024-05-09,122.69,3367379,123.15,125.50,121.68
2024-05-10,117.31,4238508,120.75,124.90,116.7317
2024-05-13,125.67,4095239,119.47,126.88,119.03
2024-05-14,128.32,3625381,127.00,129.9399,126.3385
2024-05-15,129.06,2964702,127.49,129.20,124.98
2024-05-16,132.68,3008046,129.76,133.04,127.8302
2024-05-17,132.90,2718168,132.52,134.60,129.67
2024-05-20,141.01,4711331,132.98,142.79,131.72
2024-05-21,143.69,3375932,139.47,143.87,138.1037
2024-05-22,163.33,13592710,142.90,164.88,142.81
2024-05-23,164.01,7120701,160.00,165.14,157.46
2024-05-24,166.61,5052591,163.675,170.47,162.00
2024-05-28,153.20,6636483,161.64,164.725,148.5001
2024-05-29,147.92,5505891,150.00,150.00,140.23
2024-05-30,151.49,4667767,150.35,152.79,143.5201
2024-05-31,142.55,7180988,152.10,158.129,140.7401
2024-06-03,147.82,4941455,139.75,150.80,137.52
2024-06-04,145.34,3045560,147.66,147.66,141.30
2024-06-05,154.84,4046256,146.75,155.39,145.035
2024-06-06,154.69,3373486,157.95,158.82,152.39
2024-06-07,151.01,2521599,152.79,153.56,149.13
2024-06-10,148.59,5969563,151.50,152.28,143.77
2024-06-11,148.39,1924981,148.30,150.65,146.95
2024-06-12,147.72,3486003,150.00,150.74,142.27
2024-06-13,145.23,1815199,147.00,148.8401,144.87
2024-06-14,140.03,3601293,142.67,145.735,138.17
2024-06-17,137.90,3384208,138.16,139.92,135.27
2024-06-18,133.27,3970223,136.58,137.27,131.52
2024-06-20,134.40,3547077,132.54,136.70,130.50
2024-06-21,133.40,5225264,136.00,136.36,132.1554
2024-06-24,137.00,3443046,134.57,137.57,133.17
2024-06-25,137.60,3387262,136.00,138.07,134.73
2024-06-26,122.45,7721615,135.17,135.37,122.12
2024-06-27,121.18,4804225,121.90,122.2799,118.52
2024-06-28,118.75,3976313,122.59,123.2499,118.03
2024-07-01,115.95,3724162,117.05,123.74,115.1401
2024-07-02,117.07,3425779,117.34,119.14,114.02
2024-07-03,115.95,1853449,118.74,119.39,115.30
2024-07-05,118.32,3067183,117.30,118.88,115.70
2024-07-08,116.45,2195485,118.41,119.30,115.56
2024-07-09,116.07,2512265,116.71,118.84,115.40
2024-07-10,117.44,2820093,116.10,120.378,115.29
2024-07-11,122.82,4164814,120.03,124.19,119.39
2024-07-12,121.46,4526238,123.68,129.39,121.01
2024-07-15,121.48,2682201,121.10,121.94,116.00
2024-07-16,125.14,3008616,122.76,127.20,120.79
2024-07-17,124.055,2851241,123.12,125.32,120.11
2024-07-18,121.32,2018271,124.10,126.4199,121.00
2024-07-19,121.14,2206322,121.01,121.9799,118.80
2024-07-22,122.50,1810914,122.52,124.055,120.44
2024-07-23,121.25,1752981,121.84,123.50,120.22
2024-07-24,118.19,3304062,119.81,120.04,115.47
2024-07-25,120.40,2638674,117.78,122.3999,116.58
2024-07-26,122.11,1887492,121.83,122.34,119.43
2024-07-29,122.17,2092361,122.55,122.85,119.76
2024-07-30,118.84,2673653,123.57,125.68,118.50
2024-07-31,119.22,3118385,120.53,122.45,118.10
2024-08-01,94.17,18591900,99.58,102.90,93.60
2024-08-02,86.58,10332910,91.17,91.68,84.43
2024-08-05,83.75,8063284,80.37,85.86,78.07
2024-08-06,82.30,5194413,84.92,85.57,80.17
2024-08-07,81.55,4319759,84.08,85.75,80.34
2024-08-08,84.32,3539750,82.50,85.40,82.07
2024-08-09,84.93,2388129,84.39,85.20,82.59
2024-08-12,81.29,3065286,85.00,85.00,80.7806
2024-08-13,82.90,2932534,81.43,83.04,80.58
2024-08-14,82.25,2638057,82.75,83.52,81.35
2024-08-15,86.62,3971523,83.65,87.88,83.56
2024-08-16,86.84,3399329,88.00,88.78,86.24
2024-08-19,89.96,4136182,87.02,91.99,86.62
2024-08-20,86.94,2706106,89.24,89.80,86.91
2024-08-21,86.65,3150518,87.73,88.59,85.88
2024-08-22,81.04,5345361,86.16,86.80,80.76
2024-08-23,82.44,4225200,82.35,84.28,81.25
2024-08-26,81.66,2303483,82.63,83.6738,81.25
2024-08-27,78.98,3640200,81.59,81.61,78.40
2024-08-28,78.36,3023969,79.95,80.56,78.20
2024-08-29,77.59,3307807,78.78,79.60,77.46
2024-08-30,77.40,3591705,78.48,78.52,76.06
2024-09-03,72.94,5184974,77.55,77.75,72.54
2024-09-04,72.49,4233103,72.40,74.43,71.62
2024-09-05,73.44,2541798,72.78,73.60,71.51
2024-09-06,72.89,3425366,73.44,73.60,71.65
2024-09-09,76.61,5321193,73.48,78.80,73.26
2024-09-10,79.28,3661685,76.12,79.9587,75.95
2024-09-11,79.51,3370687,79.05,79.88,77.4401
2024-09-12,69.68,23990270,67.89,70.85,64.1101
2024-09-13,68.28,11969000,66.17,68.58,65.5501
2024-09-16,69.17,4875018,68.12,70.60,67.81
2024-09-17,71.99,7183216,70.11,75.3714,69.79
2024-09-18,69.86,4278359,72.19,73.35,69.82
2024-09-19,68.02,5065447,71.85,71.97,67.91
2024-09-20,65.69,12421450,67.60,67.9099,64.70
2024-09-23,64.14,5917943,66.05,66.05,64.10
2024-09-24,63.94,5167005,64.80,65.25,63.88
2024-09-25,63.64,4524356,63.95,64.86,63.51
2024-09-26,63.93,4467691,64.80,65.0699,63.37
2024-09-27,65.75,4738605,64.85,66.88,64.2504
2024-09-30,66.83,4811083,65.69,67.9598,65.31
2024-10-01,63.93,4643634,67.13,67.5499,63.41
2024-10-02,63.16,4107363,63.52,63.69,62.58
2024-10-03,61.07,4711853,62.53,62.97,61.03
2024-10-04,60.20,6218154,61.51,62.11,59.62
2024-10-07,58.72,5021356,60.20,60.65,58.33
2024-10-08,58.39,3827988,58.53,58.67,57.75
2024-10-09,58.86,2974681,58.33,59.52,57.901
2024-10-10,56.83,4414955,58.41,58.70,56.64
2024-10-11,58.29,6260992,56.71,59.7342,55.70
2024-10-14,57.73,3361308,57.90,58.96,57.05
2024-10-15,57.31,4087301,57.64,58.62,57.1201
2024-10-16,57.46,3258207,57.82,58.45,57.12
2024-10-17,54.82,5423743,57.08,57.145,54.82
2024-10-18,54.10,6754694,54.535,55.10,53.55
2024-10-21,53.80,4092122,53.82,54.76,53.05
2024-10-22,53.40,3559675,53.67,54.7893,52.81
2024-10-23,53.39,4288942,53.22,54.74,52.77
2024-10-24,52.80,3767076,53.39,53.836,52.26
2024-10-25,53.09,3704422,53.01,54.51,52.80
2024-10-28,54.80,5011899,53.31,55.77,53.10
2024-10-29,55.22,5592539,55.21,57.69,54.88
2024-10-30,54.72,4280556,54.37,55.035,53.50
2024-10-31,54.36,4511436,54.35,54.575,52.92
2024-11-01,54.63,4787050,54.49,55.35,53.89
2024-11-04,53.54,4037232,54.60,55.6499,53.41
2024-11-05,53.29,5765855,53.53,54.32,52.08
2024-11-06,51.81,10681550,52.61,52.855,49.60
2024-11-07,50.28,18211730,56.60,56.695,49.94
2024-11-08,46.83,13561540,50.42,50.90,46.57
2024-11-11,42.75,15915870,46.83,46.88,42.25
2024-11-12,43.47,10714170,42.19,44.11,41.54
2024-11-13,42.14,7725363,43.25,43.28,41.71
2024-11-14,39.77,12890140,42.05,42.06,38.76
2024-11-15,36.85,24355510,38.55,38.70,35.80
2024-11-18,39.51,13877020,38.31,39.765,37.10
2024-11-19,37.29,9148774,38.895,39.28,37.01
2024-11-20,36.94,7340778,37.29,38.22,36.4053
2024-11-21,38.25,8964055,36.55,38.82,35.96
2024-11-22,41.11,13410790,38.44,42.40,37.76
2024-11-25,43.66,15821720,43.00,46.30,42.83
2024-11-26,42.05,7248943,43.13,43.30,41.47
2024-11-27,43.39,5083475,42.49,43.46,42.08
2024-11-29,43.06,3591465,43.25,43.85,42.30
2024-12-02,44.26,6832757,43.33,44.6587,42.07
2024-12-03,42.58,7192609,43.98,44.25,42.36
2024-12-04,41.63,5010891,42.76,42.80,41.4763
2024-12-05,42.94,8084242,41.90,44.45,41.745
2024-12-06,44.44,8742718,43.52,46.62,43.16
2024-12-09,45.65,7292460,44.77,47.4126,44.1001
2024-12-10,41.51,10482670,45.36,45.49,41.055
2024-12-11,42.86,5619301,41.90,43.25,41.0604
2024-12-12,42.82,5236561,42.55,43.80,41.70
2024-12-13,41.83,4862132,42.235,42.69,41.38
2024-12-16,41.84,8038278,42.16,44.38,41.28
2024-12-17,40.76,6266844,41.85,43.17,40.63
2024-12-18,38.36,8572999,40.05,41.725,38.20
2024-12-19,39.56,7497492,38.56,39.87,37.44
2024-12-20,39.39,35482940,39.20,40.83,39.1201
2024-12-23,39.59,5112315,39.19,40.3399,38.52
2024-12-24,40.27,2521898,39.59,40.355,38.75
2024-12-26,40.43,4235706,39.56,40.55,39.24
2024-12-27,40.13,4825093,40.355,41.49,39.7944
2024-12-30,39.38,5514995,39.735,40.50,38.88
2024-12-31,41.58,7573726,39.71,41.79,39.39
2025-01-02,42.00,5313474,42.20,43.30,41.41
2025-01-03,42.18,5555554,42.25,42.62,41.08
2025-01-06,42.57,8577629,44.00,44.52,41.63
2025-01-07,47.53,22592320,43.90,48.92,42.86
2025-01-08,43.17,13347550,47.60,47.70,43.01
2025-01-10,42.25,6411851,42.765,43.6999,41.785
2025-01-13,35.15,33487970,33.30,35.38,31.94
2025-01-14,34.46,14427260,35.15,35.68,33.1801
2025-01-15,34.77,7459657,35.18,35.54,34.46
2025-01-16,33.76,7340888,34.75,34.95,33.34
2025-01-17,34.06,8130483,33.84,34.79,33.60
2025-01-21,35.89,12834890,35.76,37.90,35.30
2025-01-22,38.50,16694550,36.35,41.09,36.00
2025-01-23,42.39,13684240,38.40,42.54,36.99
2025-01-24,41.41,17245600,43.18,45.40,40.785
2025-01-27,41.65,12162860,40.87,44.08,40.71
2025-01-28,44.94,13285790,41.99,45.15,40.75
2025-01-29,40.72,14598080,43.28,44.74,40.675
2025-01-30,41.04,12259590,41.40,42.54,39.88
2025-01-31,39.42,6538798,41.185,41.46,39.31
2025-02-03,36.55,13511790,38.21,38.65,35.93
2025-02-04,34.17,22904920,36.65,37.92,33.84
2025-02-05,34.98,9386550,34.32,35.57,33.9036
2025-02-06,33.61,8978842,35.20,35.24,33.61
2025-02-07,32.60,9646794,33.51,33.77,32.46
2025-02-10,31.87,10918270,33.00,33.3937,31.66
2025-02-11,30.93,10088650,31.52,32.42,30.70
2025-02-12,30.535,8356581,30.97,31.08,30.24
2025-02-13,31.92,14719620,31.00,31.96,30.27
2025-02-14,32.99,25327280,30.53,33.91,29.25
2025-02-18,35.75,18965150,33.05,36.98,32.0423
2025-02-19,35.90,10040830,35.11,36.75,35.05
2025-02-20,33.73,11421580,36.23,36.30,32.78
2025-02-21,35.53,21448980,33.89,35.97,33.18
2025-02-24,33.90,8887471,33.88,34.56,33.28
2025-02-25,33.28,11400200,33.98,35.48,32.9326
2025-02-26,33.58,6699564,33.26,34.17,32.71
2025-02-27,31.09,9865294,32.565,33.00,31.00
2025-02-28,30.96,8748005,30.775,31.305,30.2007
2025-03-03,30.27,6736565,31.18,32.00,30.16
2025-03-04,30.37,8064724,29.77,31.1431,29.35
2025-03-05,35.21,21835330,32.50,35.39,30.91
2025-03-06,34.30,11327020,34.09,35.2505,33.21
2025-03-07,35.61,17337680,34.47,37.91,33.93
2025-03-10,35.96,12537670,35.20,37.5497,35.15
2025-03-11,33.76,12411410,36.00,36.02,32.62
2025-03-12,35.01,6609765,34.415,35.2941,33.79
2025-03-13,34.30,9430551,35.15,38.12,34.20
2025-03-14,34.62,7702951,34.84,35.84,34.20
2025-03-17,34.71,5630821,34.79,35.20,33.90
2025-03-18,33.81,7070340,34.55,35.00,33.54
2025-03-19,33.32,6328096,33.78,33.85,33.12
2025-03-20,32.45,5628335,33.12,33.82,32.44
2025-03-21,32.66,9325728,32.05,32.795,31.52
2025-03-24,34.17,10502520,32.80,34.87,32.80
2025-03-25,33.85,6940478,34.31,34.86,33.505
2025-03-26,31.48,7965031,33.845,34.08,31.29
2025-03-27,32.12,6198378,31.54,32.57,31.25
2025-03-28,31.12,5696237,32.04,32.50,31.02
2025-03-31,28.35,20455830,28.89,28.95,26.802
2025-04-01,27.16,11640070,28.70,28.85,27.07
2025-04-02,27.72,11865170,26.79,28.78,26.26
2025-04-03,25.73,12768820,26.66,27.20,25.695
2025-04-04,25.11,16052990,25.195,25.77,23.7614
2025-04-07,25.64,13253870,24.045,26.515,23.15
2025-04-08,24.64,8951046,26.40,26.89,24.15
2025-04-09,26.67,13094100,24.015,27.68,23.675
2025-04-10,24.50,12664750,25.82,25.90,23.70
2025-04-11,26.20,11006120,24.69,26.24,24.26
2025-04-14,26.80,6465708,26.94,27.095,26.24
2025-04-15,26.24,7035881,26.82,27.21,25.52
2025-04-16,25.19,5476420,25.85,26.065,24.813
2025-04-17,24.715,6684993,25.28,25.28,24.43
2025-04-21,25.13,6862772,24.03,25.34,23.30
2025-04-22,25.74,5497494,25.27,25.84,24.87
2025-04-23,26.54,8002090,26.50,27.88,26.4501
2025-04-24,27.39,4794935,26.66,27.41,26.33
2025-04-25,27.22,7719074,26.82,27.88,26.61
2025-04-28,27.46,5754947,27.00,28.4016,27.00
2025-04-29,27.82,5242133,27.465,28.01,27.17
2025-04-30,28.54,7729944,27.465,28.65,27.24
2025-05-01,27.03,14893570,27.68,27.85,26.06
2025-05-02,27.61,7545234,27.74,28.10,27.15
2025-05-05,27.84,7804296,27.80,28.52,27.18
2025-05-06,24.43,23279590,27.37,27.37,24.16
2025-05-07,24.06,10810620,24.60,24.92,23.70
2025-05-08,24.38,9680327,24.33,24.98,23.95
2025-05-09,24.25,7129182,24.68,25.32,24.22
2025-05-12,25.70,12541190,24.86,26.18,24.86
2025-05-13,25.49,8381384,25.60,25.88,25.0798
2025-05-14,24.02,12814880,25.54,25.58,23.95
2025-05-15,23.65,14890130,24.30,24.31,23.155
2025-05-16,24.86,14874030,23.87,25.44,23.67
2025-05-19,26.39,16136390,25.27,26.9243,25.101
2025-05-20,27.99,37154690,26.82,30.30,26.47
2025-05-21,25.80,17822590,27.90,28.0668,25.64
2025-05-22,26.72,11296900,25.50,26.89,25.22
2025-05-23,26.26,8258832,26.15,26.4899,25.55
2025-05-27,26.76,14604950,26.79,27.85,26.20
2025-05-28,26.05,8114223,26.77,26.77,25.86
2025-05-29,26.93,10126460,26.285,27.15,25.76
2025-05-30,26.56,30676240,26.345,26.81,25.60
2025-06-02,27.05,12909090,26.92,27.43,26.42
2025-06-03,27.81,13439890,26.91,28.57,26.28
2025-06-04,27.27,7741689,28.17,28.24,27.04
2025-06-05,26.12,9868694,27.14,27.16,25.82
2025-06-06,27.46,8525843,26.21,27.55,26.12
2025-06-09,28.14,9387573,27.77,29.19,27.6531
2025-06-10,27.68,7888861,27.86,28.23,27.32
2025-06-11,27.75,9232411,28.00,28.72,27.62
2025-06-12,27.35,8326399,27.29,27.925,26.81
2025-06-13,26.67,7180263,26.57,27.35,26.31
2025-06-16,26.00,10666070,26.615,26.755,25.465
2025-06-17,25.55,8329478,25.80,26.34,25.44
2025-06-18,25.40,7526988,25.49,25.85,25.06
2025-06-20,25.90,13772240,25.71,26.015,25.42
2025-06-23,25.67,6523374,25.565,25.965,25.16
2025-06-24,26.80,8023516,26.025,27.13,26.025
2025-06-25,26.86,6149797,26.85,26.96,26.135
2025-06-26,27.54,9289143,27.05,28.24,26.80
2025-06-27,27.16,11547560,27.68,27.99,26.875
2025-06-30,27.59,10175350,28.065,28.74,27.40
2025-07-01,28.69,14553880,27.31,29.845,26.81
2025-07-02,30.28,14708920,28.83,30.65,28.62
2025-07-03,30.49,6972646,30.54,30.94,30.20
2025-07-07,29.90,8221852,30.35,30.8492,29.72
2025-07-08,32.54,19295040,30.08,33.65,30.04
2025-07-09,32.79,9819691,32.83,33.3899,32.09
2025-07-10,34.28,11693080,33.47,34.39,32.98
2025-07-11,33.64,6922580,34.035,34.07,33.22
2025-07-14,32.87,7257658,33.38,33.50,32.435
2025-07-15,31.58,8515488,33.195,33.31,31.42
2025-07-16,32.06,5981553,31.70,32.17,31.43
2025-07-17,32.20,6023672,32.19,32.72,31.97
2025-07-18,31.26,7823637,32.45,32.58,30.97
2025-07-21,30.97,5767735,31.525,32.07,30.88
2025-07-22,32.73,8246651,30.98,32.84,30.98
2025-07-23,34.67,12501170,33.885,35.59,33.54
2025-07-24,34.01,6613783,34.95,35.09,33.80
2025-07-25,34.15,5371779,33.97,34.435,33.35
2025-07-28,33.91,5589523,34.34,34.70,33.702
2025-07-29,32.66,8295482,33.70,33.70,31.94
2025-07-30,32.15,6087512,33.085,33.3999,31.89
2025-07-31,29.56,14481870,31.21,31.845,29.31
2025-08-01,27.605,16282200,27.57,27.88,26.5648
2025-08-04,27.64,8091083,28.015,28.60,27.18
2025-08-05,27.47,6162982,27.64,27.9701,27.305
2025-08-06,26.71,10166650,27.20,27.4846,26.32
2025-08-07,26.61,7832254,26.885,27.04,26.26
2025-08-08,26.12,6607279,26.545,26.88,25.89
2025-08-11,25.47,8757914,26.15,26.715,25.30
2025-08-12,25.66,12252370,25.54,26.26,25.3216
2025-08-13,26.89,8658143,25.89,27.08,25.79
2025-08-14,26.69,5798980,26.40,26.885,25.81
2025-08-15,28.02,9386067,26.97,28.5899,26.80
2025-08-18,28.09,6149349,28.20,28.51,27.965
2025-08-19,27.91,5415308,28.15,28.30,27.62
2025-08-20,26.89,6918893,27.72,27.89,26.56
2025-08-21,26.22,5643695,26.55,26.60,26.01
2025-08-22,27.12,9165543,26.38,27.80,26.38
2025-08-25,25.35,13157810,27.12,27.22,25.35
2025-08-26,24.73,13014850,25.35,25.51,24.29
2025-08-27,25.10,18672510,24.75,25.64,24.28
2025-08-28,24.47,10608810,25.04,25.18,24.13
2025-08-29,24.09,8288636,24.25,24.38,23.84
2025-09-02,24.19,14228510,23.93,24.25,23.40
2025-09-03,24.05,9306486,24.16,24.66,23.79
2025-09-04,24.28,9158277,23.81,24.34,23.33
2025-09-05,25.14,13040610,24.66,25.48,24.6054
2025-09-08,24.83,13100470,24.925,24.925,23.78
2025-09-09,24.47,9779916,24.91,25.465,24.32
2025-09-10,24.31,8232789,24.58,25.35,24.208
2025-09-11,25.39,11765060,24.58,25.90,24.50
2025-09-12,23.51,31285650,25.225,25.415,23.18
2025-09-15,23.88,11984730,23.705,23.95,23.35
2025-09-16,24.84,15654300,23.94,25.63,23.91
2025-09-17,25.00,13337100,24.85,25.7799,23.91
2025-09-18,25.45,10341340,25.57,26.01,25.20
2025-09-19,25.24,18333960,25.45,25.49,24.6003
2025-09-22,26.56,16032610,25.11,27.10,24.88
2025-09-23,25.79,8937292,26.72,26.97,25.66
2025-09-24,25.88,7526438,25.82,26.23,25.5216
2025-09-25,24.61,10626890,25.68,25.68,24.44
2025-09-26,24.49,10240250,24.51,24.78,23.91
2025-09-29,25.33,8011045,24.82,25.495,24.44
2025-09-30,25.83,9622593,25.10,26.01,24.56
2025-10-01,27.60,17591380,26.12,28.35,26.12
2025-10-02,28.37,10075910,28.02,28.41,26.99
2025-10-03,28.49,8152894,28.66,28.99,27.915
2025-10-06,27.54,8359911,28.49,28.6699,27.48
2025-10-07,27.34,6075718,27.615,27.7594,26.91
2025-10-08,27.92,12323550,27.37,29.45,27.31
2025-10-09,27.53,6859066,28.10,28.30,27.40
2025-10-10,26.83,10103380,27.78,27.98,26.24
2025-10-13,26.74,9187262,27.24,28.06,26.60
2025-10-14,26.25,7042043,26.32,26.69,26.01
2025-10-15,27.72,8529278,26.59,27.96,26.38
2025-10-16,27.14,7884666,27.845,28.48,27.11
2025-10-17,26.01,10115870,26.42,26.94,25.685
2025-10-20,27.24,11497840,26.41,28.12,26.39
2025-10-21,27.49,6155087,27.25,27.59,26.65
2025-10-22,26.85,7871696,27.21,27.35,26.265
2025-10-23,26.25,8723193,25.82,26.67,25.57
2025-10-24,26.74,6494118,26.52,26.91,26.11
2025-10-27,26.66,6710142,27.01,27.3737,26.55
2025-10-28,25.35,8832439,26.67,26.90,25.20
2025-10-29,24.70,8752831,25.44,25.55,24.41
2025-10-30,28.14,48698740,24.425,29.20,24.25
2025-10-31,27.16,15696520,27.825,27.87,26.865
2025-11-03,24.91,14704030,26.61,26.61,24.73
2025-11-04,23.75,12491390,24.725,25.15,23.71
2025-11-05,23.56,11158470,23.915,24.04,23.48
2025-11-06,24.33,17644580,25.24,25.56,23.662
2025-11-07,24.54,10383690,23.87,24.57,23.04
2025-11-10,24.76,8257887,24.75,25.13,23.7401
2025-11-11,26.41,11705820,24.95,26.62,24.71
2025-11-12,26.71,9582269,26.065,27.10,25.97
2025-11-13,24.96,10689760,26.11,26.20,24.80
2025-11-14,24.77,8952448,24.435,24.88,24.18
2025-11-17,24.76,8249561,24.50,25.3335,24.27
2025-11-18,24.92,8360547,24.49,24.99,23.80
2025-11-19,24.18,9400507,24.95,25.06,23.765
2025-11-20,22.36,18620820,24.45,24.91,22.32
2025-11-21,23.72,13904550,22.39,23.94,22.28
2025-11-24,24.15,9557167,23.76,24.34,23.545
2025-11-25,24.75,6726582,24.21,24.795,23.99
2025-11-26,25.01,6495360,24.78,25.32,24.38
2025-11-28,25.98,4286457,25.01,26.045,24.87
2025-12-01,24.16,9608952,25.05,25.251,24.13
2025-12-02,24.06,10350460,24.22,24.6341,23.92
2025-12-03,25.18,7780025,24.04,25.20,23.93
2025-12-04,25.49,8531802,25.20,25.895,24.70
2025-12-05,27.70,16532120,25.58,27.75,25.38
2025-12-08,27.97,10972990,27.55,28.00,27.05
2025-12-09,28.24,11701380,27.60,28.52,26.895
2025-12-10,29.03,7685972,28.22,29.12,27.975
2025-12-11,29.63,8179780,28.93,29.68,28.88
2025-12-12,29.46,12305890,29.46,30.435,29.40
2025-12-15,29.92,9271620,29.28,30.30,28.66
2025-12-16,29.89,7369535,29.91,30.00,29.04
2025-12-17,30.51,11557340,30.01,31.70,29.91
2025-12-18,30.95,13696910,30.74,32.21,30.6101
2025-12-19,33.80,23582440,31.28,34.25,31.17
2025-12-22,34.90,13194560,33.59,35.90,33.32
2025-12-23,32.29,11926980,34.86,34.97,32.1375
2025-12-24,32.75,2780206,32.16,32.79,32.144
2025-12-26,31.20,6322756,32.50,32.66,31.065
2025-12-29,31.15,5924411,31.00,31.235,30.65
2025-12-30,30.41,5666764,31.13,31.25,30.365
2025-12-31,29.49,8949284,30.26,30.39,29.06
2026-01-02,30.86,9582978,29.83,31.34,29.81
2026-01-05,32.17,10030320,31.33,32.5329,31.27
2026-01-06,35.66,20701880,32.38,36.26,32.28
2026-01-07,35.89,13854480,34.50,37.10,34.42
2026-01-08,33.86,9218132,35.44,35.56,33.72
2026-01-09,34.30,7551321,34.298,35.4098,33.94
2026-01-12,33.84,9438120,34.40,34.66,32.37
2026-01-13,39.60,24707670,34.38,39.71,34.05
2026-01-14,40.58,19502330,39.73,41.98,39.30
2026-01-15,39.36,10213790,40.58,40.99,39.25
2026-01-16,41.83,11891050,41.60,42.39,40.55
2026-01-20,43.00,12604320,41.125,43.04,40.70
2026-01-21,49.81,22612250,43.50,50.00,43.34
2026-01-22,51.87,34243470,50.24,55.20,50.05
2026-01-23,48.71,19929730,49.812,50.41,46.84
2026-01-26,47.99,11291460,49.475,49.48,46.59
2026-01-27,45.45,15262230,48.09,51.18,45.03
2026-01-28,45.30,10617250,45.48,45.97,43.55
2026-01-29,46.86,10768670,45.88,47.8452,45.72
2026-01-30,44.07,10960690,45.98,46.3399,43.43
2026-02-02,42.55,16118870,43.45,46.575,41.63
2026-02-03,42.20,9368491,42.65,44.17,41.28
2026-02-04,42.77,8505278,42.59,43.37,41.5301
2026-02-05,40.87,11681130,42.03,43.8497,40.08
2026-02-06,41.01,8338793,41.18,41.4883,39.50
2026-02-09,41.95,7378820,41.07,41.9986,40.17
2026-02-10,41.995,9987839,42.87,45.50,41.68
2026-02-11,40.51,14881710,37.605,40.805,36.655
2026-02-12,40.11,7904693,40.115,40.91,38.82
2026-02-13,42.23,16336580,41.85,44.80,41.20
2026-02-17,43.93,10454390,42.28,45.073,41.97
2026-02-18,46.60,13099120,46.69,47.68,45.655
2026-02-19,49.70,12142000,46.985,50.46,45.80
2026-02-20,49.87,9025993,49.16,50.48,48.29
2026-02-23,50.29,11510930,48.695,54.02,48.68
2026-02-24,50.52,7006594,50.18,51.97,49.53
2026-02-25,51.37,7948014,50.745,53.8498,50.67
2026-02-26,51.71,5761869,51.43,52.81,50.62
2026-02-27,53.57,9069701,51.27,53.62,50.73
2026-03-02,52.845,9424727,52.42,54.935,50.45
2026-03-03,49.83,9258801,50.445,51.8568,48.09
2026-03-04,57.80,23103640,53.58,59.55,51.69
2026-03-05,53.83,13953530,56.955,58.74,52.17
2026-03-06,52.52,12432560,52.215,52.77,49.22
2026-03-09,55.74,13833890,53.30,56.62,51.91
2026-03-10,54.98,7268725,55.215,56.1616,52.65
2026-03-11,55.97,6842946,54.98,57.88,54.81
2026-03-12,53.39,6333177,54.75,55.02,53.205
2026-03-13,52.56,6606164,54.31,55.09,51.44
2026-03-16,53.31,6970144,53.40,53.96,51.635
2026-03-17,53.93,7701027,53.50,56.51,53.41
2026-03-18,52.40,6572261,53.18,53.36,51.019
2026-03-19,52.37,4880960,51.01,52.89,51.01
2026-03-20,51.38,15477630,51.685,52.98,50.62
2026-03-23,51.28,5977244,51.234,52.55,50.19
2026-03-24,51.34,4808375,50.442,52.68,50.34
2026-03-25,53.54,4467875,52.57,54.24,52.53
2026-03-26,53.57,3862699,52.76,54.68,52.30
2026-03-27,49.56,7101494,53.29,53.555,49.48
2026-03-30,48.23,5229124,49.675,49.85,47.14
2026-03-31,50.80,8182669,49.02,51.62,47.96
2026-04-01,50.03,7548936,51.64,52.78,49.58
2026-04-02,49.20,4631751,48.145,50.51,48.11
2026-04-06,48.77,3488547,49.07,49.80,48.20
2026-04-07,50.11,4301702,48.70,50.29,47.3965
2026-04-08,52.10,4859872,51.99,52.39,50.54
2026-04-09,51.28,4436301,51.63,52.00,50.58
2026-04-10,50.96,6276513,51.67,52.89,50.02
2026-04-13,50.68,6652064,51.01,53.00,50.47
2026-04-14,52.84,5415063,50.59,53.00,50.05
2026-04-15,54.26,4806888,53.76,55.20,53.26
2026-04-16,54.68,5092571,54.13,54.95,52.76
2026-04-17,53.72,13585420,55.70,56.06,52.95
2026-04-20,54.59,5609235,53.69,55.725,53.015
2026-04-21,54.23,6195651,53.96,56.20,51.68
2026-04-22,55.60,3506562,55.40,55.93,54.35
2026-04-23,52.85,4062674,55.62,56.10,52.61
2026-04-24,50.73,4552397,53.38,53.49,50.5723
2026-04-27,48.70,6089473,50.63,51.36,48.25
2026-04-28,47.14,3643528,48.79,48.93,46.75
2026-04-29,45.72,5478398,46.75,47.19,44.62
2026-04-30,45.94,6066050,46.20,47.94,45.75
2026-05-01,45.37,10233110,46.635,48.40,43.68
2026-05-04,47.30,7587705,45.32,47.965,45.29
2026-05-05,46.71,4834189,47.675,47.73,45.78
2026-05-06,48.79,4390297,47.105,49.05,46.73
2026-05-07,48.54,8496638,51.69,52.00,47.78
2026-05-08,54.35,20925850,49.00,57.779,48.98
2026-05-11,52.88,25402170,58.08,59.48,51.3901
2026-05-12,53.27,11248180,52.24,54.62,51.25
2026-05-13,50.42,7508263,52.852,53.055,49.99
2026-05-14,50.03,7668122,49.50,50.80,48.71
2026-05-15,49.04,7233073,48.43,49.88,47.91
2026-05-18,48.11,5028715,49.98,50.50,47.64
2026-05-19,45.72,5455571,47.61,47.64,45.625
2026-05-20,48.12,4777769,46.04,48.77,45.95
2026-05-21,47.26,4790745,47.63,47.93,46.484
2026-05-22,46.88,4223676,47.54,48.35,46.77
2026-05-26,47.03,3997618,47.21,48.6717,46.17
2026-05-27,47.61,3599004,47.02,49.075,46.87
2026-05-28,47.57,4731723,47.245,47.58,45.89
2026-05-29,47.19,6318429,47.27,49.26,46.82
2026-06-01,46.06,6177795,47.07,47.07,44.20
2026-06-02,45.64,5690074,45.35,46.17,43.90
2026-06-03,49.06,6934371,45.30,49.55,45.30
2026-06-04,51.59,6709675,49.398,51.90,48.94
2026-06-05,47.44,6084113,50.77,51.53,46.38
2026-06-08,47.60,3994555,48.22,48.99,46.80
2026-06-09,47.73,5080455,48.42,48.42,45.40
2026-06-10,45.99,4217036,47.215,48.52,45.67
2026-06-11,49.64,6196215,46.43,49.94,46.30
2026-06-12,49.91,5081172,49.98,51.75,49.62
2026-06-15,52.13,6342068,51.37,52.23,49.8401
2026-06-16,55.40,13050520,52.24,57.79,51.66
2026-06-17,61.80,12447970,56.21,62.30,54.51
2026-06-18,63.96,24078840,63.96,67.74,60.73
2026-06-22,59.345,8363486,64.07,65.51,57.50
2026-06-23,61.00,6814161,59.05,63.98,58.34
2026-06-24,60.42,11704010,61.17,62.75,59.85
2026-06-25,59.75,6798819,60.33,61.8565,57.908
2026-06-26,67.27,14456660,59.465,69.285,59.23
2026-06-29,69.70,8077421,67.945,69.90,66.30
2026-06-30,70.03,11805910,69.835,73.28,69.22
2026-07-01,72.50,9275292,70.04,73.91,68.8655
2026-07-02,79.76,14112000,73.71,81.40,73.68
2026-07-06,81.80,17296880,78.55,85.60,77.50
2026-07-07,79.77,8688340,82.10,82.90,77.41
2026-07-08,73.80,6581662,77.34,78.30,73.3401
2026-07-09,76.56,4415034,73.80,76.84,73.14
2026-07-10,68.27,9176930,76.722,76.722,67.31
2026-07-13,67.01,8521959,66.33,69.55,65.54
2026-07-14,67.44,5812332,66.67,67.89,65.80
2026-07-15,68.28,3427825,67.79,68.49,65.95
2026-07-16,63.15,5593100,67.07,67.42,62.80
2026-07-17,61.82,4551991,61.68,63.28,61.06
2026-07-20,59.49,4967920,61.46,62.4251,59.30
2026-07-21,59.66,4357386,59.51,60.83,58.61
2026-07-22,58.07,3780416,59.52,59.86,57.74
2026-07-23,57.02,4695588,57.20,58.43,56.275
2026-07-24,54.07,4427772,57.255,57.46,53.85
2026-07-27,55.63,5040423,54.75,57.07,54.39
2026-07-28,55.805,5557786,54.831,55.85,53.345
2026-07-29,54.49,4351698,55.04,56.25,54.1601
2026-07-30,57.92,4458258,55.965,58.08,54.52
2026-07-31,54.82,7764502,57.85,59.49,54.71
2026-08-03,55.14,5176711,54.925,58.00,52.6601
2026-08-04,56.99,4000143,56.84,58.34,55.875
2026-08-05,56.255,5163265,58.00,59.4496,55.58
2026-08-06,53.86,5640306,57.54,59.00,53.71
2026-08-07,59.17,6820581,54.79,59.415,54.62
2026-08-10,59.81,6224525,59.75,60.77,58.41
2026-08-11,60.57,6556326,60.21,61.40,58.60
2026-08-12,63.67,6581997,60.58,64.26,59.29
2026-08-13,63.65,8159738,63.80,65.33,62.33
2026-08-14,63.32,4700891,62.89,63.7822,60.82
2026-08-17,64.46,3979550,64.775,65.525,62.91
2026-08-18,62.96,4304996,63.04,64.46,62.1293
2026-08-19,174.38,199252300,116.02,176.66,114.46
2026-08-20,133.32,99499940,150.14,155.00,128.61
2026-08-21,145.13,87316070,133.11,159.47,132.42
2026-08-24,138.89,31587240,142.70,145.50,130.00
2026-08-25,158.83,49225650,143.50,161.37,141.21
2026-08-26,149.66,22009460,154.20,156.13,145.10
2026-08-27,142.77,24993240,144.18,148.588,138.5401
2026-08-28,137.99,25820560,137.19,138.80,133.33
2026-08-31,140.34,18570700,134.10,144.20,133.855
2026-09-01,154.27,25831740,140.25,154.70,138.09
2026-09-02,150.81,16563190,151.40,156.4151,146.54
2026-09-03,148.87,13290380,145.945,150.20,142.78
2026-09-04,145.55,14966550,153.62,154.69,141.52
2026-09-08,140.33,10308620,145.98,147.4999,139.70
2026-09-09,135.61,8650474,140.295,143.94,135.52
2026-09-10,136.62,7873511,134.86,137.13,130.38
2026-09-11,143.97,15409300,137.905,149.7344,135.0101
2026-09-14,146.69,10963010,144.925,147.3399,139.02
2026-09-15,143.77,8414681,146.00,148.6999,141.16
2026-09-16,145.62,8832059,145.26,148.93,142.3001
2026-09-17,158.07,19175010,152.50,161.9599,149.50
2026-09-18,154.04,20238550,158.355,159.79,150.26
2026-09-21,172.94,21018290,161.05,176.86,159.06
2026-09-22,182.56,24033890,168.50,187.20,168.30
2026-09-23,182.11,17727820,183.405,192.31,181.30
2026-09-24,194.82,16605460,180.60,195.7093,180.388
2026-09-25,198.88,13944980,195.345,202.67,192.51
