failure,covid,1.3875,1.275,1.1625,1.0875,1.035,0.975,0.9555,0.9364,0.9177,0.8993,0.8813,0.8637,0.8464,0.8295,0.8129,0.7966,0.7807,0.7651,0.7498
failure,flu,0.08,0.16,0.24,0.32,0.4,0.4,0.4,0.4,0.4,0.4,0.4,0.4,0.4,0.4,0.4,0.4,0.4,0.4,0.4
failure,combo,0.1169,0.2338,0.3507,0.4676,0.5845,0.5845,0.5845,0.5845,0.5845,0.5845,0.5845,0.5845,0.5845,0.5845,0.5845,0.5845,0.5845,0.5845,0.5845
failure,rsv,0.05,0.1,0.15,0.15,0.15,0.15,0.15,0.15,0.15,0.15,0.15,0.15,0.15,0.15,0.15,0.15,0.15,0.15,0.15
failure,noro,0.0,0.0,0.036,0.072,0.108,0.144,0.18,0.18,0.18,0.18,0.18,0.18,0.18,0.18,0.18,0.18,0.18,0.18,0.18
failure,resp_rev,1.7844,1.9188,2.0892,2.2471,2.4275,2.4035,2.42,2.4009,2.3822,2.3638,2.3458,2.3282,2.3109,2.294,2.2774,2.2611,2.2452,2.2296,2.2143
failure,resp_contrib,-0.1,0.1667,0.3877,0.5678,0.7159,0.7431,0.7456,0.7227,0.6998,0.677,0.6543,0.6692,0.6877,0.6652,0.6426,0.6201,0.5975,0.575,0.5525
failure,int_sales,0.0,0.0,0.0,0.0,0.0463,0.1483,0.276,0.425,0.6056,0.7899,0.9581,1.0751,1.164,1.219,1.2454,1.2454,1.1297,1.1066,1.0818
failure,int_share,0.0,0.0,0.0,0.0,0.0111,0.0408,0.0759,0.1169,0.1665,0.2172,0.2635,0.2957,0.3201,0.3352,0.3425,0.3425,0.3107,0.3043,0.2975
failure,int_contrib,-0.4,-0.4,-0.4,-0.4,-0.3389,-0.3092,-0.2241,-0.1331,-0.0335,0.0172,0.0635,0.0957,0.1201,0.1352,0.1425,0.1425,0.1107,0.1043,0.0975
failure,c4359,-0.12,-0.1908,-0.1908,-0.1408,-0.0784,0.0085,0.0216,0.0403,0.0623,0.0837,0.09,0.09,0.09,0.09,0.09,0.09,0.072,0.0698,0.0677
failure,rare_contrib,-0.044,0.0231,-0.0308,-0.0242,0.091,0.0522,0.0618,0.0714,0.081,0.081,0.081,0.081,0.081,0.081,0.081,0.081,0.081,0.081,0.081
failure,ga,0.42,0.4284,0.437,0.4457,0.4546,0.4637,0.473,0.4824,0.4921,0.5019,0.512,0.5222,0.5327,0.5433,0.5542,0.5653,0.5766,0.5881,0.5999
failure,un_rd,0.72,0.69,0.672,0.66,0.66,0.66,0.6732,0.6867,0.7004,0.7144,0.7287,0.7433,0.7581,0.7733,0.7888,0.8045,0.8206,0.837,0.8538
failure,attrib_rev,1.7844,1.9254,2.1024,2.2669,2.5106,2.5959,2.7338,2.8468,2.97,3.0658,3.1459,3.1868,3.2139,3.2245,3.2211,3.2049,3.0911,3.0591,3.0267
failure,ebit,-1.804,-1.5195,-1.3429,-1.1029,-0.725,-0.6291,-0.5413,-0.4679,-0.3828,-0.3574,-0.3519,-0.3296,-0.3119,-0.3452,-0.3868,-0.4362,-0.536,-0.595,-0.6549
failure,tax,0.0,0.0,0.0,0.0,0.0,0.0,0.0,0.0,0.0,0.0,0.0,0.0,0.0,0.0,0.0,0.0,0.0,0.0,0.0
failure,fcff,-1.8485,-1.5536,-1.3806,-1.1394,-0.7694,-0.6576,-0.5769,-0.5019,-0.4189,-0.3915,-0.3851,-0.3592,-0.3404,-0.3721,-0.4123,-0.4603,-0.5493,-0.6162,-0.6759
bear,covid,1.5725,1.445,1.3175,1.2325,1.173,1.105,1.0829,1.0612,1.04,1.0192,0.9988,0.9789,0.9593,0.9401,0.9213,0.9029,0.8848,0.8671,0.8498
bear,flu,0.096,0.192,0.288,0.384,0.48,0.48,0.48,0.48,0.48,0.48,0.48,0.48,0.48,0.48,0.48,0.48,0.48,0.48,0.48
bear,combo,0.1403,0.2806,0.4208,0.5611,0.7014,0.7014,0.7014,0.7014,0.7014,0.7014,0.7014,0.7014,0.7014,0.7014,0.7014,0.7014,0.7014,0.7014,0.7014
bear,rsv,0.05,0.1,0.15,0.15,0.15,0.15,0.15,0.15,0.15,0.15,0.15,0.15,0.15,0.15,0.15,0.15,0.15,0.15,0.15
bear,noro,0.0,0.0,0.048,0.096,0.144,0.192,0.24,0.24,0.24,0.24,0.24,0.24,0.24,0.24,0.24,0.24,0.24,0.24,0.24
bear,resp_rev,2.0088,2.1676,2.3743,2.5736,2.7984,2.7784,2.8043,2.7826,2.7614,2.7406,2.7202,2.7003,2.6807,2.6615,2.6427,2.6243,2.6062,2.5885,2.5712
bear,resp_contrib,0.0706,0.361,0.6139,0.828,1.0108,1.0442,1.0539,1.0287,1.0036,0.9848,1.0484,1.0236,0.999,0.9744,0.9499,0.9254,0.901,0.8767,0.8524
bear,int_sales,0.0,0.0765,0.2391,0.4303,0.6975,1.0275,1.3421,1.6534,1.9498,2.2522,2.5282,2.7201,2.866,2.7649,2.7854,2.7631,2.5517,2.4928,2.4318
bear,int_share,0.0,0.0077,0.0323,0.0732,0.143,0.2466,0.3691,0.4547,0.5362,0.6194,0.6952,0.748,0.7881,0.7604,0.766,0.7598,0.7017,0.6855,0.6687
bear,int_contrib,-0.4,-0.3924,-0.3677,-0.3268,-0.207,-0.1034,0.0691,0.2047,0.3362,0.4194,0.4952,0.548,0.5881,0.5604,0.566,0.5598,0.5017,0.4855,0.4687
bear,c4359,-0.12,-0.1908,-0.1908,-0.1408,-0.0784,0.0085,0.0216,0.0403,0.0623,0.0837,0.09,0.09,0.09,0.09,0.09,0.09,0.072,0.0698,0.0677
bear,rare_contrib,-0.044,0.0231,-0.0308,-0.0242,0.091,0.0522,0.0618,0.0714,0.081,0.081,0.081,0.081,0.081,0.081,0.081,0.081,0.081,0.081,0.081
bear,ga,0.42,0.4284,0.437,0.4457,0.4546,0.4637,0.473,0.4824,0.4921,0.5019,0.512,0.5222,0.5327,0.5433,0.5542,0.5653,0.5766,0.5881,0.5999
bear,un_rd,1.02,0.9775,0.952,0.935,0.935,0.935,0.9537,0.9728,0.9922,1.0121,1.0323,1.053,1.074,1.0955,1.1174,1.1398,1.1626,1.1858,1.2095
bear,attrib_rev,2.0088,2.2124,2.5071,2.8086,3.2071,3.4103,3.6511,3.8428,4.0213,4.1737,4.3053,4.3813,4.4347,4.365,4.3564,4.3268,4.163,4.1111,4.0586
bear,ebit,-1.9334,-1.605,-1.3645,-1.0446,-0.5732,-0.3972,-0.2203,-0.1101,-0.0012,0.0548,0.1703,0.1675,0.1514,0.0669,0.0153,-0.0487,-0.1834,-0.2609,-0.3395
bear,tax,0.0,0.0,0.0,0.0,0.0,0.0,0.0,0.0,0.0,0.0021,0.0065,0.0064,0.0058,0.0025,0.0006,0.0,0.0,0.0,0.0
bear,fcff,-2.0002,-1.6454,-1.4139,-1.0947,-0.6331,-0.4376,-0.2736,-0.16,-0.0512,0.0041,0.1162,0.1185,0.1049,0.0364,-0.0193,-0.0804,-0.2003,-0.2886,-0.3668
base,covid,1.85,1.7,1.55,1.45,1.38,1.3,1.274,1.2485,1.2235,1.1991,1.1751,1.1516,1.1286,1.106,1.0839,1.0622,1.041,1.0201,0.9997
base,flu,0.16,0.32,0.48,0.64,0.8,0.8,0.8,0.8,0.8,0.8,0.8,0.8,0.8,0.8,0.8,0.8,0.8,0.8,0.8
base,combo,0.2338,0.4676,0.7014,0.9352,1.169,1.169,1.169,1.169,1.169,1.169,1.169,1.169,1.169,1.169,1.169,1.169,1.169,1.169,1.169
base,rsv,0.05,0.1,0.15,0.15,0.15,0.15,0.15,0.15,0.15,0.15,0.15,0.15,0.15,0.15,0.15,0.15,0.15,0.15,0.15
base,noro,0.0,0.0,0.072,0.144,0.216,0.288,0.36,0.36,0.36,0.36,0.36,0.36,0.36,0.36,0.36,0.36,0.36,0.36,0.36
base,resp_rev,2.4438,2.7376,3.1034,3.4692,3.865,3.857,3.903,3.8775,3.8525,3.8281,3.8041,3.7806,3.7576,3.735,3.7129,3.6912,3.67,3.6491,3.6287
base,resp_contrib,0.3727,0.7589,1.0949,1.3814,1.6323,1.686,1.7425,1.8375,1.8127,1.788,1.7634,1.7389,1.7145,1.6902,1.6659,1.6417,1.6175,1.5934,1.5692
base,int_sales,0.1971,0.616,1.1088,1.6016,2.2013,2.8709,3.542,4.124,4.8297,5.5496,6.2066,6.6637,6.5182,6.6738,6.7197,6.6641,6.1581,6.0155,5.8678
base,int_share,0.0197,0.0832,0.1885,0.3283,0.5283,0.7895,0.9741,1.1341,1.3282,1.5262,1.7068,1.8325,1.7925,1.8353,1.8479,1.8326,1.6935,1.6543,1.6136
base,int_contrib,-0.3803,-0.3168,-0.2115,-0.0717,0.1783,0.4395,0.6741,0.8841,1.1282,1.3262,1.5068,1.6325,1.5925,1.6353,1.6479,1.6326,1.4935,1.4543,1.4136
base,c4359,-0.12,-0.1908,-0.1908,-0.1408,-0.0784,0.0085,0.0216,0.0403,0.0623,0.0837,0.09,0.09,0.09,0.09,0.09,0.09,0.072,0.0698,0.0677
base,rare_contrib,-0.044,0.0231,-0.0308,-0.0242,0.091,0.0522,0.0618,0.0714,0.081,0.081,0.081,0.081,0.081,0.081,0.081,0.081,0.081,0.081,0.081
base,ga,0.42,0.4284,0.437,0.4457,0.4546,0.4637,0.473,0.4824,0.4921,0.5019,0.512,0.5222,0.5327,0.5433,0.5542,0.5653,0.5766,0.5881,0.5999
base,un_rd,1.2,1.15,1.12,1.1,1.1,1.1,1.122,1.1444,1.1673,1.1907,1.2145,1.2388,1.2636,1.2888,1.3146,1.3409,1.3677,1.3951,1.423
base,attrib_rev,2.5424,3.0522,3.671,4.2898,5.0256,5.4107,5.8498,6.1729,6.5524,6.9099,7.2284,7.4335,7.3377,7.3929,7.3937,7.3442,7.03,6.9331,6.8342
base,ebit,-1.7916,-1.3041,-0.8952,-0.401,0.2685,0.6225,0.9049,1.2064,1.4247,1.5862,1.7148,1.7814,1.6818,1.6643,1.616,1.5391,1.3197,1.2153,1.1088
base,tax,0.0,0.0,0.0,0.0,0.0102,0.0237,0.0344,0.0458,0.0541,0.0603,0.0652,0.0677,0.0639,0.0632,0.0614,0.0585,0.0501,0.0462,0.0421
base,fcff,-1.9118,-1.3751,-0.9771,-0.4829,0.1648,0.5404,0.7798,1.0789,1.2802,1.4349,1.5599,1.6338,1.5688,1.5364,1.4954,1.4268,1.2447,1.1233,1.0219
bull,covid,2.035,1.87,1.705,1.595,1.518,1.43,1.4014,1.3734,1.3459,1.319,1.2926,1.2668,1.2414,1.2166,1.1923,1.1684,1.145,1.1221,1.0997
bull,flu,0.256,0.512,0.768,1.024,1.28,1.28,1.28,1.28,1.28,1.28,1.28,1.28,1.28,1.28,1.28,1.28,1.28,1.28,1.28
bull,combo,0.3741,0.7482,1.1222,1.4963,1.8704,1.8704,1.8704,1.8704,1.8704,1.8704,1.8704,1.8704,1.8704,1.8704,1.8704,1.8704,1.8704,1.8704,1.8704
bull,rsv,0.05,0.1,0.15,0.15,0.15,0.15,0.15,0.15,0.15,0.15,0.15,0.15,0.15,0.15,0.15,0.15,0.15,0.15,0.15
bull,noro,0.0,0.0,0.108,0.216,0.324,0.432,0.54,0.54,0.54,0.54,0.54,0.54,0.54,0.54,0.54,0.54,0.54,0.54,0.54
bull,resp_rev,2.8651,3.3802,4.0032,4.6313,5.2924,5.3124,5.3918,5.3638,5.3363,5.3094,5.283,5.2572,5.2318,5.207,5.1827,5.1588,5.1354,5.1125,5.0901
bull,resp_contrib,0.6737,1.1406,1.6134,2.0605,2.4766,2.8081,2.8489,2.8218,2.795,2.7682,2.7417,2.7152,2.6889,2.6627,2.6366,2.6106,2.5846,2.5588,2.5329
bull,int_sales,0.5208,1.6275,2.9295,4.2315,5.7422,7.3489,8.9187,10.2191,11.7959,13.4046,14.8726,15.8939,15.3678,15.6914,15.7706,15.6236,14.471,14.1311,13.7803
bull,int_share,0.0521,0.2197,0.498,0.8675,1.3781,2.021,2.4526,2.8103,3.2439,3.6863,4.09,4.3708,4.2261,4.3151,4.3369,4.2965,3.9795,3.886,3.7896
bull,int_contrib,-0.3479,-0.1803,0.098,0.4675,1.0281,1.671,2.1526,2.5603,3.0439,3.4863,3.89,4.1708,4.0261,4.1151,4.1369,4.0965,3.7795,3.686,3.5896
bull,c4359,-0.12,-0.1908,-0.1908,-0.1408,-0.0784,0.0085,0.0216,0.0403,0.0623,0.0837,0.09,0.09,0.09,0.09,0.09,0.09,0.072,0.0698,0.0677
bull,rare_contrib,-0.044,0.0231,-0.0308,-0.0242,0.091,0.0522,0.0618,0.0714,0.081,0.081,0.081,0.081,0.081,0.081,0.081,0.081,0.081,0.081,0.081
bull,ga,0.42,0.4284,0.437,0.4457,0.4546,0.4637,0.473,0.4824,0.4921,0.5019,0.512,0.5222,0.5327,0.5433,0.5542,0.5653,0.5766,0.5881,0.5999
bull,un_rd,1.26,1.2075,1.176,1.155,1.155,1.155,1.1781,1.2017,1.2257,1.2502,1.2752,1.3007,1.3267,1.3533,1.3803,1.4079,1.4361,1.4648,1.4941
bull,attrib_rev,3.1255,4.2005,5.4812,6.7669,8.2235,9.1051,10.0269,10.7067,11.5193,12.3187,13.0403,13.5251,13.2367,13.3737,13.3889,13.2916,12.652,12.4543,12.2518
bull,ebit,-1.5182,-0.8433,-0.1231,0.7622,1.9077,2.921,3.4338,3.8097,4.2644,4.667,5.0154,5.2341,5.0266,5.0522,5.01,4.9048,4.5045,4.3427,4.1773
bull,tax,0.0,0.0,0.0,0.029,0.0725,0.111,0.1305,0.1448,0.162,0.6386,0.9529,0.9945,0.9551,0.9599,0.9519,0.9319,0.8559,0.8251,0.7937
bull,fcff,-1.6968,-0.9709,-0.2712,0.5847,1.6695,2.7018,3.1309,3.5113,3.9289,3.8499,3.886,4.0829,3.9945,3.9716,3.9494,3.8763,3.6114,3.4377,3.3058
blue_sky,covid,2.035,1.87,1.705,1.595,1.518,1.43,1.4014,1.3734,1.3459,1.319,1.2926,1.2668,1.2414,1.2166,1.1923,1.1684,1.145,1.1221,1.0997
blue_sky,flu,0.256,0.512,0.768,1.024,1.28,1.28,1.28,1.28,1.28,1.28,1.28,1.28,1.28,1.28,1.28,1.28,1.28,1.28,1.28
blue_sky,combo,0.3741,0.7482,1.1222,1.4963,1.8704,1.8704,1.8704,1.8704,1.8704,1.8704,1.8704,1.8704,1.8704,1.8704,1.8704,1.8704,1.8704,1.8704,1.8704
blue_sky,rsv,0.05,0.1,0.15,0.15,0.15,0.15,0.15,0.15,0.15,0.15,0.15,0.15,0.15,0.15,0.15,0.15,0.15,0.15,0.15
blue_sky,noro,0.0,0.0,0.24,0.48,0.72,0.96,1.2,1.2,1.2,1.2,1.2,1.2,1.2,1.2,1.2,1.2,1.2,1.2,1.2
blue_sky,resp_rev,2.8651,3.3802,4.1352,4.8953,5.6884,5.8404,6.0518,6.0238,5.9963,5.9694,5.943,5.9172,5.8918,5.867,5.8427,5.8188,5.7954,5.7725,5.7501
blue_sky,resp_contrib,0.7023,1.1744,1.7327,2.2705,2.779,3.1991,3.3252,3.2979,3.2707,3.2437,3.2169,3.1902,3.1636,3.1372,3.1108,3.0845,3.0584,3.0323,3.0062
blue_sky,int_sales,0.7584,2.37,4.266,6.162,8.9112,12.5989,16.7796,21.0693,27.1484,34.2797,41.2048,46.7009,49.0472,51.4503,52.6398,52.4257,49.3741,48.2626,47.1939
blue_sky,int_share,0.0758,0.3365,0.7849,1.3926,2.3882,3.9057,5.2017,6.5315,8.416,10.6267,12.7735,14.4773,15.2046,15.9496,16.3183,16.252,15.306,14.9614,14.6301
blue_sky,int_contrib,-0.3242,-0.0635,0.3849,0.9926,2.0382,3.5557,4.9017,6.2815,8.216,10.4267,12.5735,14.2773,15.0046,15.7496,16.1183,16.052,15.106,14.7614,14.4301
blue_sky,c4359,-0.12,-0.1908,-0.1908,-0.1408,-0.0784,0.0085,0.0216,0.0403,0.0623,0.0837,0.09,0.09,0.09,0.09,0.09,0.09,0.072,0.0698,0.0677
blue_sky,rare_contrib,-0.044,0.0231,-0.0308,-0.0242,0.091,0.0522,0.0618,0.0714,0.081,0.081,0.081,0.081,0.081,0.081,0.081,0.081,0.081,0.081,0.081
blue_sky,ga,0.42,0.4284,0.437,0.4457,0.4546,0.4637,0.473,0.4824,0.4921,0.5019,0.512,0.5222,0.5327,0.5433,0.5542,0.5653,0.5766,0.5881,0.5999
blue_sky,un_rd,1.2,1.15,1.12,1.1,1.1,1.1,1.122,1.1444,1.1673,1.1907,1.2145,1.2388,1.2636,1.2888,1.3146,1.3409,1.3677,1.3951,1.423
blue_sky,attrib_rev,3.2443,4.5718,6.2814,7.9961,10.204,12.2581,14.6174,16.7918,19.8555,23.4162,26.8664,29.5886,30.7364,31.9132,32.4836,32.3527,30.7635,30.18,29.6186
blue_sky,ebit,-1.4058,-0.6352,0.339,1.5523,3.2752,5.2517,6.7153,8.0642,9.9706,12.1425,14.2349,15.8775,16.543,17.2256,17.5314,17.4014,16.3731,15.9613,15.5623
blue_sky,tax,0.0,0.0,0.0129,0.059,0.1245,0.1996,0.2552,1.3737,1.8944,2.3071,2.7046,3.0167,3.1432,3.2729,3.331,3.3063,3.1109,3.0327,2.9568
blue_sky,fcff,-1.5963,-0.788,0.1352,1.3019,2.9099,4.8268,6.1072,6.3387,7.611,9.292,10.9703,12.3518,13.0392,13.5798,13.8835,13.8494,13.175,12.7456,12.4246
