period_end,Revenue,ProductSales,COGS,RnD,SGA,TotalCosts,OperatingIncome,InterestIncome,OtherNonOp,PretaxIncome,IncomeTax,NetIncome,EPSDiluted,DilutedShares,BasicShares,SBC,DandA,InventoryWriteDown,PurchaseCommitmentLoss,Impairment,CFO,Capex,CFI,CFF,Buybacks,IPRnD,Acquisitions,TaxesPaid,Cash,ST_Investments,LT_Investments,RestrictedCashCurrent,RestrictedCashNoncurrent,Receivables,Inventory,AssetsCurrent,PPE,OpLeaseROU,Goodwill,Intangibles,DeferredTaxAsset,TotalAssets,LiabilitiesCurrent,DeferredRevenueCurrent,DeferredRevenueNoncurrent,OpLeaseLiabCurrent,OpLeaseLiabNoncurrent,FinLeaseLiabCurrent,FinLeaseLiabNoncurrent,LongTermDebt,TotalLiabilities,Equity,RetainedEarnings,SharesOutstanding
2015-12-31,,,,,,,,,,,,,,,,,,,,,,,,,,,,,159043000,,,,,,,,,,,,,,,,,,,,,,,-149760000,,
2016-12-31,108396000.0,,,274717000.0,57450000.0,,-223771000.0,11312000.0,-2709000.0,,1043000.0,-216211000.0,,,,39360000.0,15114000.0,,,,66734000.0,33144000.0,-648607000.0,472910000.0,,,,905000.0,50080000,,,,,,,,,,,,,,,,,,,,,,,-334810000,,
2017-12-31,205825000.0,,,410459000.0,64722000.0,,-269356000.0,15235000.0,-1875000.0,,-80000.0,-255916000.0,,,,40055000.0,20537000.0,,,,-331484000.0,58401000.0,417364000.0,168000.0,,,,398000.0,134859000,621170000.0,145851000.0,951000.0,11798000.0,11881000.0,,783223000.0,139031000.0,,,,,1084489000.0,191461000.0,,,,,,,,459193000.0,-551365000,-621893000.0,65206999.0
2018-12-31,135068000.0,,0.0,454082000.0,94252000.0,548334000.0,-413266000.0,27023000.0,1835000.0,,326000.0,-384734000.0,,,,72565000.0,24862000.0,,,0.0,-330865000.0,105766000.0,-373094000.0,1226842000.0,,,,294000.0,658364000,863063000.0,172990000.0,595000.0,11532000.0,11686000.0,,1563006000.0,211977000.0,,,,,1962149000.0,222803000.0,109056000.0,165352000.0,,,,,,431908000.0,1530000000,-1006627000.0,328798904.0
2019-12-31,60000000.0,60209000.0,0.0,496000000.0,110000000.0,606000000.0,-546000000.0,39000000.0,-8000000.0,-515000000.0,-1000000.0,-514000000.0,-1.55,331000000.0,331000000.0,81000000.0,31000000.0,,,0.0,-459000000.0,32000000.0,-15000000.0,52000000.0,0.0,,,0.0,236000000,867124000.0,159987000.0,1000000.0,11000000.0,5369000.0,0.0,1128804000.0,201495000.0,86414000.0,,,,1589422000.0,143115000.0,63310000.0,138995000.0,3583000.0,93675000.0,0.0,38689000.0,,414612000.0,1175000000,-1496454000.0,336536985.0
2020-12-31,803000000.0,,8000000.0,1370000000.0,188000000.0,1566000000.0,-763000000.0,25000000.0,-6000000.0,-744000000.0,3000000.0,-747000000.0,-1.96,381000000.0,381000000.0,93000000.0,31000000.0,0.0,0.0,0.0,2027000000.0,68000000.0,-1672000000.0,2033000000.0,0.0,7000000.0,,1000000.0,2624000000,1984000000.0,639000000.0,1000000.0,11000000.0,1391000000.0,47000000.0,6298000000.0,297000000.0,90000000.0,,,0.0,7337000000.0,4389000000.0,3867000000.0,177000000.0,6000000.0,97000000.0,24000000.0,110000000.0,,4776000000.0,2561000000,-2244000000.0,399000000.0
2021-12-31,18471000000.0,18471000000.0,2617000000.0,1991000000.0,567000000.0,5175000000.0,13296000000.0,18000000.0,-29000000.0,13285000000.0,1083000000.0,12202000000.0,28.29,431000000.0,403000000.0,142000000.0,232000000.0,0.0,0.0,0.0,13620000000.0,284000000.0,-8523000000.0,-873000000.0,857000000.0,641000000.0,0.0,480000000.0,6848000000,3879000000.0,6843000000.0,0.0,12000000.0,3175000000.0,1441000000.0,16071000000.0,1241000000.0,142000000.0,,,326000000.0,24669000000.0,9128000000.0,6253000000.0,615000000.0,46000000.0,106000000.0,165000000.0,599000000.0,,10524000000.0,14145000000,9958000000.0,403000000.0
2022-12-31,19263000000.0,19263000000.0,5416000000.0,3295000000.0,1132000000.0,9843000000.0,9420000000.0,200000000.0,-45000000.0,9575000000.0,1213000000.0,8362000000.0,20.12,416000000.0,394000000.0,226000000.0,348000000.0,1300000000.0,617000000.0,0.0,4981000000.0,400000000.0,-5176000000.0,-3448000000.0,3329000000.0,1100000000.0,0.0,2729000000.0,3205000000,6697000000.0,8318000000.0,0.0,12000000.0,1385000000.0,949000000.0,13431000000.0,2018000000.0,121000000.0,0.0,0.0,982000000.0,25858000000.0,4923000000.0,2038000000.0,673000000.0,35000000.0,92000000.0,161000000.0,912000000.0,,6735000000.0,19123000000,18320000000.0,385000000.0
2023-12-31,6848000000.0,6848000000.0,4693000000.0,4845000000.0,1549000000.0,11087000000.0,-4239000000.0,421000000.0,-124000000.0,-3942000000.0,772000000.0,-4714000000.0,-12.33,382000000.0,382000000.0,305000000.0,617000000.0,2200000000.0,141000000.0,0.0,-3118000000.0,707000000.0,4206000000.0,-1377000000.0,1153000000.0,301000000.0,85000000.0,-357000000.0,2907000000,5697000000.0,4677000000.0,17000000.0,4000000.0,892000000.0,202000000.0,10325000000.0,1945000000.0,713000000.0,52000000.0,44000000.0,81000000.0,18426000000.0,3015000000.0,568000000.0,83000000.0,25000000.0,643000000.0,0.0,575000000.0,,4572000000.0,13854000000,13606000000.0,382000000.0
2024-12-31,3236000000.0,3236000000.0,1464000000.0,4543000000.0,1174000000.0,7181000000.0,-3945000000.0,425000000.0,-87000000.0,-3607000000.0,-46000000.0,-3561000000.0,-9.28,384000000.0,384000000.0,429000000.0,185000000.0,495000000.0,60000000.0,0.0,-3004000000.0,1051000000.0,1949000000.0,56000000.0,0.0,155000000.0,0.0,197000000.0,1927000000,5098000000.0,2494000000.0,1000000.0,1000000.0,358000000.0,117000000.0,8099000000.0,2196000000.0,759000000.0,52000000.0,40000000.0,81000000.0,14142000000.0,2206000000.0,153000000.0,58000000.0,14000000.0,671000000.0,23000000.0,39000000.0,0.0,3241000000.0,10901000000,10045000000.0,386000000.0
2025-12-31,1944000000.0,1944000000.0,868000000.0,3132000000.0,1018000000.0,5018000000.0,-3074000000.0,314000000.0,-8000000.0,-2768000000.0,54000000.0,-2822000000.0,-7.26,389000000.0,389000000.0,483000000.0,211000000.0,291000000.0,24000000.0,0.0,-1873000000.0,192000000.0,1946000000.0,593000000.0,2000000.0,88000000.0,0.0,26000000.0,2595000000,3204000000.0,2336000000.0,1000000.0,1000000.0,184000000.0,153000000.0,6544000000.0,2134000000.0,719000000.0,52000000.0,45000000.0,81000000.0,12338000000.0,1987000000.0,99000000.0,153000000.0,17000000.0,653000000.0,25000000.0,20000000.0,590000000.0,3688000000.0,8650000000,7223000000.0,394000000.0
