period_end,Revenue,ProductSales,COGS,RnD,SGA,TotalCosts,OperatingIncome,InterestIncome,OtherNonOp,PretaxIncome,IncomeTax,NetIncome,EPSDiluted,DilutedShares,BasicShares,SBC,DandA,InventoryWriteDown,PurchaseCommitmentLoss,CFO,Capex,CFI,CFF,Buybacks,IPRnD,Acquisitions,Cash,ST_Investments,LT_Investments,RestrictedCashCurrent,RestrictedCashNoncurrent,Receivables,Inventory,AssetsCurrent,PPE,OpLeaseROU,Goodwill,Intangibles,DeferredTaxAsset,TotalAssets,LiabilitiesCurrent,DeferredRevenueCurrent,DeferredRevenueNoncurrent,OpLeaseLiabCurrent,OpLeaseLiabNoncurrent,FinLeaseLiabCurrent,FinLeaseLiabNoncurrent,LongTermDebt,TotalLiabilities,Equity,RetainedEarnings,SharesOutstanding
2015-12-31,,,,,,,,,,,,,,,,,,,,,,,,,,,159043000.0,,,,,,,,,,,,,,,,,,,,,,,-149760000.0,,
2016-12-31,,,,,,,,,,,,,,,,,,,,,,,,,,,50080000.0,,,,,,,,,,,,,,,,,,,,,,,-334810000.0,,
2017-03-31,30328000.0,,,,,,-65463000.0,,,,,,,,,,,,,,,,,,,,,,,,,,,,,,,,,,,,,,,,,,,,,
2017-06-30,41121000.0,,,,,,-94194000.0,,,,,,,,,,,,,,,,,,,,,,,,,,,,,,,,,,,,,,,,,,,,,
2017-09-30,42472000.0,,,,,,-67871000.0,,,,,,,,,,,,,,,,,,,,,,,,,,,,,,,,,,,,,,,,,,,,,
2017-12-31,91904000.0,,,,,,-41828000.0,,,,,,,,,,,,,,,,,,,,134859000.0,621170000.0,145851000.0,951000.0,11798000.0,11881000.0,,783223000.0,139031000.0,,,,,1084489000.0,191461000.0,,,,,,,,459193000.0,-551365000.0,-621893000.0,65206999.0
2018-03-31,29039000.0,,,90124000.0,16317000.0,,-77402000.0,5209000.0,-183000.0,,0.0,-72376000.0,,,,11851000.0,5153000.0,,,-111385000.0,31909000.0,-483704000.0,549995000.0,,,,90479000.0,,,237000.0,11798000.0,,,,,,,,,,,,,,,,,,,-613709000.0,,
2018-06-30,28851000.0,,,104479000.0,21387000.0,,-97015000.0,6401000.0,171000.0,,158000.0,-90601000.0,,,,14353000.0,5900000.0,,,,,,,,,,140619000.0,,,831000.0,11532000.0,,,,,,,,,,,,,,,,,,,-688768000.0,,
2018-09-30,41757000.0,,,109050000.0,18525000.0,,-85818000.0,6519000.0,-1032000.0,,0.0,-80331000.0,,,,14720000.0,6500000.0,,,,,,,,,,167060000.0,,,831000.0,11532000.0,,,,,,,,,,,,,,,,,,,-757129000.0,,
2018-12-31,35421000.0,,,150429000.0,38023000.0,,-153031000.0,8894000.0,2879000.0,,168000.0,-141426000.0,,,,31641000.0,7309000.0,,,,,,,,,,658364000.0,863063000.0,172990000.0,595000.0,11532000.0,11686000.0,,1563006000.0,211977000.0,,,,,1962149000.0,222803000.0,109056000.0,165352000.0,,,,,,431908000.0,1530000000.0,-1006627000.0,328798904.0
2019-01-01,,,,,,,,,,,,,,,,,,,,,,,,,,,,,,,,8948000.0,,,209494000.0,63334000.0,,,,2019962000.0,,81775000.0,161911000.0,6455000.0,64250000.0,,37718000.0,,,,-982432000.0,
2019-03-31,16025000.0,16025000.0,,130413000.0,27253000.0,,-141641000.0,10972000.0,-1931000.0,,-24000.0,-132576000.0,,,,18497000.0,7316000.0,,,-144268000.0,7595000.0,-11759000.0,293000.0,,,,502934000.0,605990000.0,437659000.0,0.0,11823000.0,5646000.0,,1140827000.0,213460000.0,,,,,1806207000.0,159159000.0,73958000.0,156862000.0,,,,,,360174000.0,1442325000.0,-1111300000.0,328853340.0
2019-06-30,13083000.0,13083000.0,,128305000.0,28487000.0,,-143709000.0,10322000.0,-1877000.0,,-324000.0,-134940000.0,,,,21495000.0,7500000.0,,,,,,,,,,151624000.0,918722000.0,365032000.0,62000.0,11762000.0,3498000.0,,1097418000.0,208509000.0,,,,,1685279000.0,161987000.0,83401000.0,139923000.0,,,,,,346725000.0,1334960000.0,-1246354000.0,329958172.0
2019-09-30,17046000.0,17046000.0,,119637000.0,28173000.0,,-130764000.0,9252000.0,-1881000.0,,-178000.0,-123215000.0,,,,20804000.0,7300000.0,,,,,,,,,,173711000.0,884829000.0,279860000.0,1032000.0,10791000.0,2800000.0,,1094466000.0,203688000.0,,,,,1590899000.0,147842000.0,70191000.0,143438000.0,,,,,,339092000.0,1248192000.0,-1369548000.0,332494777.0
2019-12-31,14055000.0,14055000.0,,117645000.0,26087000.0,,-130556000.0,8454000.0,-2311000.0,,-474000.0,-123269000.0,,,,20204000.0,8884000.0,,,,,,,,,,236000000.0,867124000.0,159987000.0,1000000.0,11000000.0,5369000.0,0.0,1128804000.0,201495000.0,86414000.0,,,,1589422000.0,143115000.0,63310000.0,138995000.0,3583000.0,93675000.0,0.0,38689000.0,,414612000.0,1175000000.0,-1496454000.0,336536985.0
2020-03-31,8000000.0,,0.0,115000000.0,24000000.0,139000000.0,-131000000.0,8000000.0,-1000000.0,,0.0,-124000000.0,-0.35,353000000.0,353000000.0,20000000.0,7000000.0,,,-106000000.0,6000000.0,-316000000.0,578000000.0,,,,392000000.0,825981000.0,502479000.0,1000000.0,11000000.0,5617000.0,,1249936000.0,,100533000.0,,,,2067541000.0,134582000.0,58842000.0,142989000.0,3987000.0,108919000.0,,38930000.0,,426667000.0,1641000000.0,-1620684000.0,370102805.0
2020-06-30,67000000.0,,0.0,152000000.0,37000000.0,189000000.0,-122000000.0,7000000.0,-2000000.0,,0.0,-117000000.0,-0.31,381000000.0,381000000.0,25000000.0,8000000.0,,,,,,,,,,1762000000.0,955384000.0,354916000.0,1000000.0,11000000.0,33362000.0,,2796744000.0,229939000.0,92046000.0,,,,3486006000.0,161647000.0,45244000.0,208478000.0,4193000.0,99636000.0,,68136000.0,,539121000.0,2947000000.0,-1737397000.0,393277267.0
2020-09-30,157000000.0,,0.0,344000000.0,48000000.0,392000000.0,-235000000.0,6000000.0,-3000000.0,-232000000.0,1000000.0,-233000000.0,-0.59,395000000.0,395000000.0,22000000.0,8000000.0,,,,,,,,,,1506000000.0,1770721000.0,691969000.0,1000000.0,11000000.0,190501000.0,,3577211000.0,276909000.0,91684000.0,,,,4650873000.0,1473561000.0,1234506000.0,207768000.0,4731000.0,98954000.0,,108609000.0,,1891075000.0,2760000000.0,-1971033000.0,395390672.0
2020-12-31,571000000.0,,8000000.0,759000000.0,79000000.0,846000000.0,-275000000.0,4000000.0,0.0,,2000000.0,-273000000.0,,,,26000000.0,8000000.0,,,,,,,,,,2624000000.0,1984000000.0,639000000.0,1000000.0,11000000.0,1391000000.0,47000000.0,6298000000.0,297000000.0,90000000.0,,,0.0,7337000000.0,4389000000.0,3867000000.0,177000000.0,6000000.0,97000000.0,24000000.0,110000000.0,,4776000000.0,2561000000.0,-2244000000.0,399000000.0
2021-03-31,1937000000.0,,193000000.0,401000000.0,77000000.0,671000000.0,1266000000.0,4000000.0,-10000000.0,1260000000.0,39000000.0,1221000000.0,2.84,430000000.0,400000000.0,30000000.0,15000000.0,,,2971000000.0,35000000.0,-180000000.0,26000000.0,0.0,84000000.0,,5442000000.0,2293000000.0,468000000.0,0.0,11000000.0,3210000000.0,494000000.0,11703000000.0,372000000.0,89000000.0,,,50000000.0,12694000000.0,8441000000.0,7531000000.0,179000000.0,7000000.0,96000000.0,45000000.0,138000000.0,,8856000000.0,3838000000.0,-1023000000.0,401000000.0
2021-06-30,4354000000.0,,750000000.0,421000000.0,121000000.0,1292000000.0,3062000000.0,3000000.0,-2000000.0,3063000000.0,283000000.0,2780000000.0,6.46,431000000.0,402000000.0,35000000.0,69000000.0,0.0,0.0,,,,,,148000000.0,,5603000000.0,2387000000.0,4207000000.0,0.0,11000000.0,2020000000.0,643000000.0,10969000000.0,794000000.0,104000000.0,,,66000000.0,16153000000.0,8840000000.0,7302000000.0,175000000.0,11000000.0,105000000.0,159000000.0,328000000.0,,9449000000.0,6704000000.0,1757000000.0,403000000.0
2021-09-30,4969000000.0,,722000000.0,521000000.0,168000000.0,1411000000.0,3558000000.0,4000000.0,-10000000.0,3552000000.0,219000000.0,3333000000.0,7.7,434000000.0,404000000.0,40000000.0,70000000.0,0.0,0.0,,,,,,168000000.0,,5550000000.0,3356000000.0,6442000000.0,0.0,11000000.0,3142000000.0,965000000.0,13425000000.0,845000000.0,115000000.0,,,81000000.0,20923000000.0,9957000000.0,7977000000.0,498000000.0,22000000.0,105000000.0,218000000.0,238000000.0,,10799000000.0,10124000000.0,5090000000.0,405000000.0
2021-12-31,7211000000.0,,952000000.0,648000000.0,201000000.0,1801000000.0,5410000000.0,7000000.0,-7000000.0,5410000000.0,542000000.0,4868000000.0,,,,37000000.0,78000000.0,,,,,,,,241000000.0,,6848000000.0,3879000000.0,6843000000.0,0.0,12000000.0,3175000000.0,1441000000.0,16071000000.0,1241000000.0,142000000.0,,,326000000.0,24669000000.0,9128000000.0,6253000000.0,615000000.0,46000000.0,106000000.0,165000000.0,599000000.0,,10524000000.0,14145000000.0,9958000000.0,403000000.0
2022-03-31,6066000000.0,,1017000000.0,554000000.0,268000000.0,1839000000.0,4227000000.0,15000000.0,-13000000.0,4229000000.0,572000000.0,3657000000.0,8.58,426000000.0,402000000.0,44000000.0,79000000.0,189000000.0,159000000.0,2763000000.0,132000000.0,-3921000000.0,-642000000.0,623000000.0,207000000.0,0.0,5048000000.0,5067000000.0,9171000000.0,,12000000.0,3173000000.0,1942000000.0,16350000000.0,1341000000.0,132000000.0,,,521000000.0,27609000000.0,9238000000.0,5599000000.0,464000000.0,46000000.0,95000000.0,160000000.0,646000000.0,,10534000000.0,17075000000.0,13615000000.0,400000000.0
2022-06-30,4749000000.0,,1381000000.0,710000000.0,211000000.0,2302000000.0,2447000000.0,40000000.0,-13000000.0,2474000000.0,277000000.0,2197000000.0,5.24,419000000.0,396000000.0,50000000.0,76000000.0,499000000.0,184000000.0,,,,,,157000000.0,,2873000000.0,5024000000.0,10162000000.0,,12000000.0,2691000000.0,1921000000.0,13563000000.0,1324000000.0,122000000.0,,,785000000.0,26043000000.0,6812000000.0,4093000000.0,405000000.0,38000000.0,87000000.0,121000000.0,641000000.0,,8058000000.0,17985000000.0,15812000000.0,392000000.0
2022-09-30,3364000000.0,3364000000.0,1100000000.0,820000000.0,278000000.0,2198000000.0,1166000000.0,58000000.0,-7000000.0,1217000000.0,174000000.0,1043000000.0,2.53,412000000.0,390000000.0,70000000.0,113000000.0,333000000.0,7000000.0,,,,,,106000000.0,,3027000000.0,5321000000.0,8655000000.0,0.0,14000000.0,2695000000.0,2077000000.0,14297000000.0,2019000000.0,113000000.0,,,920000000.0,26056000000.0,6807000000.0,4002000000.0,175000000.0,36000000.0,79000000.0,224000000.0,922000000.0,,8064000000.0,17992000000.0,16855000000.0,387000000.0
2022-12-31,5084000000.0,,1918000000.0,1211000000.0,375000000.0,3504000000.0,1580000000.0,87000000.0,-12000000.0,1655000000.0,190000000.0,1465000000.0,,,,62000000.0,80000000.0,279000000.0,267000000.0,,,,,,630000000.0,,3205000000.0,6697000000.0,8318000000.0,0.0,12000000.0,1385000000.0,949000000.0,13431000000.0,2018000000.0,121000000.0,0.0,0.0,982000000.0,25858000000.0,4923000000.0,2038000000.0,673000000.0,35000000.0,92000000.0,161000000.0,912000000.0,,6735000000.0,19123000000.0,18320000000.0,385000000.0
2023-03-31,1862000000.0,1862000000.0,792000000.0,1131000000.0,305000000.0,2228000000.0,-366000000.0,109000000.0,-48000000.0,-305000000.0,-384000000.0,79000000.0,0.19,405000000.0,386000000.0,75000000.0,78000000.0,148000000.0,66000000.0,-1225000000.0,113000000.0,2011000000.0,-542000000.0,526000000.0,86000000.0,85000000.0,3441000000.0,5482000000.0,7442000000.0,0.0,20000000.0,1113000000.0,732000000.0,12122000000.0,2018000000.0,117000000.0,52000000.0,48000000.0,1262000000.0,24125000000.0,3499000000.0,1219000000.0,673000000.0,28000000.0,96000000.0,153000000.0,831000000.0,,5262000000.0,18863000000.0,18399000000.0,384000000.0
2023-06-30,344000000.0,344000000.0,731000000.0,1148000000.0,332000000.0,2211000000.0,-1867000000.0,104000000.0,14000000.0,-1749000000.0,-369000000.0,-1380000000.0,-3.62,381000000.0,381000000.0,74000000.0,90000000.0,464000000.0,75000000.0,,,,,,12000000.0,,3801000000.0,4658000000.0,6105000000.0,,21000000.0,232000000.0,715000000.0,10599000000.0,2280000000.0,130000000.0,52000000.0,46000000.0,1480000000.0,21884000000.0,3123000000.0,1040000000.0,692000000.0,34000000.0,104000000.0,187000000.0,843000000.0,,4935000000.0,16949000000.0,17019000000.0,381000000.0
2023-09-30,1831000000.0,1831000000.0,2241000000.0,1160000000.0,442000000.0,3843000000.0,-2012000000.0,105000000.0,-51000000.0,-1958000000.0,1672000000.0,-3630000000.0,-9.53,381000000.0,381000000.0,77000000.0,246000000.0,1300000000.0,0.0,,,,,,78000000.0,,2932000000.0,4641000000.0,5273000000.0,17000000.0,4000000.0,1866000000.0,487000000.0,10799000000.0,1952000000.0,765000000.0,52000000.0,45000000.0,0.0,19450000000.0,4385000000.0,1372000000.0,166000000.0,33000000.0,697000000.0,150000000.0,575000000.0,,5995000000.0,13455000000.0,13389000000.0,381000000.0
2023-12-31,2811000000.0,2811000000.0,929000000.0,1406000000.0,470000000.0,2805000000.0,6000000.0,103000000.0,-39000000.0,70000000.0,-147000000.0,217000000.0,,,,79000000.0,203000000.0,288000000.0,0.0,,,,,,125000000.0,,2907000000.0,5697000000.0,4677000000.0,17000000.0,4000000.0,892000000.0,202000000.0,10325000000.0,1945000000.0,713000000.0,52000000.0,44000000.0,81000000.0,18426000000.0,3015000000.0,568000000.0,83000000.0,25000000.0,643000000.0,0.0,575000000.0,,4572000000.0,13854000000.0,13606000000.0,382000000.0
2024-03-31,167000000.0,167000000.0,96000000.0,1063000000.0,274000000.0,1433000000.0,-1266000000.0,120000000.0,-19000000.0,-1165000000.0,10000000.0,-1175000000.0,-3.07,382000000.0,382000000.0,101000000.0,35000000.0,30000000.0,0.0,-989000000.0,196000000.0,118000000.0,14000000.0,0.0,8000000.0,0.0,2051000000.0,6472000000.0,3638000000.0,17000000.0,3000000.0,137000000.0,295000000.0,9600000000.0,2063000000.0,697000000.0,52000000.0,43000000.0,81000000.0,16729000000.0,2380000000.0,559000000.0,58000000.0,25000000.0,637000000.0,,575000000.0,,3912000000.0,12817000000.0,12431000000.0,383000000.0
2024-06-30,241000000.0,241000000.0,115000000.0,1221000000.0,268000000.0,1604000000.0,-1363000000.0,111000000.0,-27000000.0,-1279000000.0,0.0,-1279000000.0,-3.33,384000000.0,384000000.0,112000000.0,40000000.0,14000000.0,0.0,,,,,,10000000.0,,2478000000.0,6010000000.0,2326000000.0,0.0,2000000.0,163000000.0,399000000.0,9661000000.0,2196000000.0,775000000.0,52000000.0,42000000.0,81000000.0,15680000000.0,2363000000.0,702000000.0,95000000.0,25000000.0,668000000.0,,576000000.0,,3968000000.0,11712000000.0,11152000000.0,384000000.0
2024-09-30,1862000000.0,1862000000.0,514000000.0,1137000000.0,281000000.0,1932000000.0,-70000000.0,103000000.0,-12000000.0,21000000.0,8000000.0,13000000.0,0.03,399000000.0,385000000.0,112000000.0,51000000.0,214000000.0,21000000.0,,,,,,92000000.0,,1644000000.0,5223000000.0,2335000000.0,0.0,3000000.0,1564000000.0,412000000.0,9666000000.0,2381000000.0,784000000.0,52000000.0,41000000.0,81000000.0,15803000000.0,2201000000.0,379000000.0,95000000.0,21000000.0,679000000.0,30000000.0,625000000.0,,3876000000.0,11927000000.0,11165000000.0,385000000.0
2024-12-31,966000000.0,966000000.0,739000000.0,1122000000.0,351000000.0,2212000000.0,-1246000000.0,91000000.0,-29000000.0,-1184000000.0,-64000000.0,-1120000000.0,,,,104000000.0,59000000.0,237000000.0,39000000.0,,,,,,45000000.0,,1927000000.0,5098000000.0,2494000000.0,1000000.0,1000000.0,358000000.0,117000000.0,8099000000.0,2196000000.0,759000000.0,52000000.0,40000000.0,81000000.0,14142000000.0,2206000000.0,153000000.0,58000000.0,14000000.0,671000000.0,23000000.0,39000000.0,0.0,3241000000.0,10901000000.0,10045000000.0,386000000.0
2025-03-31,108000000.0,108000000.0,90000000.0,856000000.0,212000000.0,1158000000.0,-1050000000.0,90000000.0,-4000000.0,-964000000.0,7000000.0,-971000000.0,-2.52,386000000.0,386000000.0,115000000.0,38000000.0,42000000.0,10000000.0,-1037000000.0,117000000.0,730000000.0,4000000.0,,5000000.0,,1623000000.0,4352000000.0,2418000000.0,1000000.0,2000000.0,78000000.0,128000000.0,6766000000.0,2212000000.0,752000000.0,52000000.0,49000000.0,81000000.0,12704000000.0,1604000000.0,125000000.0,58000000.0,15000000.0,667000000.0,28000000.0,35000000.0,,2638000000.0,10066000000.0,9074000000.0,387000000.0
2025-06-30,142000000.0,142000000.0,119000000.0,700000000.0,230000000.0,1049000000.0,-907000000.0,81000000.0,8000000.0,-818000000.0,7000000.0,-825000000.0,-2.13,388000000.0,388000000.0,130000000.0,56000000.0,38000000.0,7000000.0,,,,,,6000000.0,,1279000000.0,3852000000.0,2374000000.0,1000000.0,1000000.0,36000000.0,240000000.0,6171000000.0,2169000000.0,750000000.0,52000000.0,48000000.0,81000000.0,12010000000.0,1572000000.0,218000000.0,65000000.0,16000000.0,666000000.0,27000000.0,32000000.0,,2611000000.0,9399000000.0,8249000000.0,389000000.0
2025-09-30,1016000000.0,1016000000.0,207000000.0,801000000.0,268000000.0,1276000000.0,-260000000.0,73000000.0,0.0,-187000000.0,13000000.0,-200000000.0,-0.51,390000000.0,390000000.0,125000000.0,51000000.0,67000000.0,7000000.0,,,,,,43000000.0,,1132000000.0,3372000000.0,2143000000.0,1000000.0,1000000.0,1046000000.0,332000000.0,6598000000.0,2126000000.0,738000000.0,52000000.0,47000000.0,81000000.0,12135000000.0,1681000000.0,163000000.0,157000000.0,17000000.0,660000000.0,31000000.0,26000000.0,,2805000000.0,9330000000.0,8049000000.0,391000000.0
2025-12-31,678000000.0,678000000.0,452000000.0,775000000.0,308000000.0,1535000000.0,-857000000.0,70000000.0,-12000000.0,-799000000.0,27000000.0,-826000000.0,,,,113000000.0,66000000.0,144000000.0,0.0,,,,,,34000000.0,,2595000000.0,3204000000.0,2336000000.0,1000000.0,1000000.0,184000000.0,153000000.0,6544000000.0,2134000000.0,719000000.0,52000000.0,45000000.0,81000000.0,12338000000.0,1987000000.0,99000000.0,153000000.0,17000000.0,653000000.0,25000000.0,20000000.0,590000000.0,3688000000.0,8650000000.0,7223000000.0,394000000.0
2026-03-31,389000000.0,389000000.0,955000000.0,649000000.0,173000000.0,1777000000.0,-1388000000.0,72000000.0,-18000000.0,-1334000000.0,9000000.0,-1343000000.0,-3.4,395000000.0,395000000.0,104000000.0,56000000.0,38000000.0,0.0,-630000000.0,62000000.0,-76000000.0,17000000.0,,895000000.0,,1908000000.0,3297000000.0,2251000000.0,0.0,1000000.0,71000000.0,146000000.0,5770000000.0,2086000000.0,706000000.0,52000000.0,116000000.0,82000000.0,11488000000.0,2395000000.0,102000000.0,154000000.0,19000000.0,645000000.0,31000000.0,13000000.0,590000000.0,4080000000.0,7408000000.0,5880000000.0,397000000.0
2026-06-30,145000000.0,145000000.0,93000000.0,651000000.0,216000000.0,960000000.0,-815000000.0,67000000.0,-19000000.0,-767000000.0,15000000.0,-782000000.0,-1.97,398000000.0,398000000.0,120000000.0,56000000.0,41000000.0,0.0,,,,,,11000000.0,,1723000000.0,3415000000.0,1772000000.0,0.0,1000000.0,17000000.0,280000000.0,5815000000.0,2059000000.0,697000000.0,52000000.0,109000000.0,82000000.0,10961000000.0,2534000000.0,295000000.0,147000000.0,21000000.0,638000000.0,31000000.0,6000000.0,591000000.0,4200000000.0,6761000000.0,5098000000.0,399000000.0
