line,year,xbrl_tag,accession,filed
accounts_payable,2009,AccountsPayableCurrent,0000950123-11-011714,2011-02-10
accounts_payable,2010,AccountsPayableCurrent,0000950123-11-011714,2011-02-10
accounts_payable,2011,AccountsPayableCurrent,0000950123-13-000902,2013-02-12
accounts_payable,2012,AccountsPayableCurrent,0000950123-14-002054,2014-02-13
accounts_payable,2013,AccountsPayableCurrent,0000950123-15-002527,2015-02-17
accounts_payable,2014,AccountsPayableCurrent,0000950123-16-013733,2016-02-09
accounts_payable,2015,AccountsPayableCurrent,0001564590-17-001142,2017-02-08
accounts_payable,2016,AccountsPayableCurrent,0000950123-18-001052,2018-02-08
accounts_payable,2017,AccountsPayableCurrent,0000950123-19-000989,2019-02-08
accounts_payable,2018,AccountsPayableCurrent,0000950123-20-001393,2020-02-11
accounts_payable,2019,AccountsPayableCurrent,0001564590-21-004857,2021-02-09
accounts_payable,2020,AccountsPayableCurrent,0000950170-22-001201,2022-02-14
accounts_payable,2021,AccountsPayableCurrent,0000950170-23-002558,2023-02-13
accounts_payable,2022,AccountsPayableCurrent,0000950170-24-014240,2024-02-13
accounts_payable,2023,AccountsPayableCurrent,0000950170-25-020763,2025-02-14
accounts_payable,2024,AccountsPayableCurrent,0001628280-26-006708,2026-02-10
accounts_payable,2025,AccountsPayableCurrent,0001628280-26-006708,2026-02-10
acquisitions,2019,PaymentsToAcquireBusinessesNetOfCashAcquired,0000950170-22-001201,2022-02-14
acquisitions,2020,PaymentsToAcquireBusinessesNetOfCashAcquired,0000950170-23-002558,2023-02-13
acquisitions,2021,PaymentsToAcquireBusinessesNetOfCashAcquired,0000950170-24-014240,2024-02-13
acquisitions,2022,PaymentsToAcquireBusinessesNetOfCashAcquired,0000950170-24-014240,2024-02-13
acquisitions,2023,PaymentsToAcquireBusinessesNetOfCashAcquired,0000950170-24-014240,2024-02-13
amort_intangibles,2009,AmortizationOfIntangibleAssets,0000950123-12-002512,2012-02-14
amort_intangibles,2010,AmortizationOfIntangibleAssets,0000950123-13-000902,2013-02-12
amort_intangibles,2011,AmortizationOfIntangibleAssets,0000950123-14-002054,2014-02-13
amort_intangibles,2012,AmortizationOfIntangibleAssets,0000950123-15-002527,2015-02-17
amort_intangibles,2013,AmortizationOfIntangibleAssets,0000950123-16-013733,2016-02-09
amort_intangibles,2014,AmortizationOfIntangibleAssets,0001564590-17-001142,2017-02-08
amort_intangibles,2015,AmortizationOfIntangibleAssets,0000950123-18-001052,2018-02-08
amort_intangibles,2016,AmortizationOfIntangibleAssets,0000950123-19-000989,2019-02-08
amort_intangibles,2017,AmortizationOfIntangibleAssets,0000950123-20-001393,2020-02-11
amort_intangibles,2018,AmortizationOfIntangibleAssets,0001564590-21-004857,2021-02-09
amort_intangibles,2019,AmortizationOfIntangibleAssets,0000950170-22-001201,2022-02-14
amort_intangibles,2020,AmortizationOfIntangibleAssets,0000950170-23-002558,2023-02-13
amort_intangibles,2021,AmortizationOfIntangibleAssets,0000950170-24-014240,2024-02-13
amort_intangibles,2022,AmortizationOfIntangibleAssets,0000950170-25-020763,2025-02-14
amort_intangibles,2023,AmortizationOfIntangibleAssets,0001628280-26-006708,2026-02-10
amort_intangibles,2024,AmortizationOfIntangibleAssets,0001628280-26-006708,2026-02-10
amort_intangibles,2025,AmortizationOfIntangibleAssets,0001628280-26-006708,2026-02-10
aoci,2009,AccumulatedOtherComprehensiveIncomeLossNetOfTax,0000950123-11-011714,2011-02-10
aoci,2010,AccumulatedOtherComprehensiveIncomeLossNetOfTax,0000950123-12-002512,2012-02-14
aoci,2011,AccumulatedOtherComprehensiveIncomeLossNetOfTax,0000950123-13-000902,2013-02-12
aoci,2012,AccumulatedOtherComprehensiveIncomeLossNetOfTax,0000950123-15-002527,2015-02-17
aoci,2013,AccumulatedOtherComprehensiveIncomeLossNetOfTax,0000950123-16-013733,2016-02-09
aoci,2014,AccumulatedOtherComprehensiveIncomeLossNetOfTax,0000950123-16-013733,2016-02-09
aoci,2015,AccumulatedOtherComprehensiveIncomeLossNetOfTax,0001564590-17-001142,2017-02-08
aoci,2016,AccumulatedOtherComprehensiveIncomeLossNetOfTax,0000950123-18-001052,2018-02-08
aoci,2017,AccumulatedOtherComprehensiveIncomeLossNetOfTax,0000950123-19-000989,2019-02-08
aoci,2018,AccumulatedOtherComprehensiveIncomeLossNetOfTax,0000950123-20-001393,2020-02-11
aoci,2019,AccumulatedOtherComprehensiveIncomeLossNetOfTax,0001564590-21-004857,2021-02-09
aoci,2020,AccumulatedOtherComprehensiveIncomeLossNetOfTax,0000950170-22-001201,2022-02-14
aoci,2021,AccumulatedOtherComprehensiveIncomeLossNetOfTax,0000950170-23-002558,2023-02-13
aoci,2022,AccumulatedOtherComprehensiveIncomeLossNetOfTax,0000950170-24-014240,2024-02-13
aoci,2023,AccumulatedOtherComprehensiveIncomeLossNetOfTax,0000950170-25-020763,2025-02-14
aoci,2024,AccumulatedOtherComprehensiveIncomeLossNetOfTax,0001628280-26-006708,2026-02-10
aoci,2025,AccumulatedOtherComprehensiveIncomeLossNetOfTax,0001628280-26-006708,2026-02-10
ap_change,2008,IncreaseDecreaseInAccountsPayableTrade,0000950123-11-011714,2011-02-10
ap_change,2009,IncreaseDecreaseInAccountsPayableTrade,0000950123-12-002512,2012-02-14
ap_change,2010,IncreaseDecreaseInAccountsPayableTrade,0000950123-13-000902,2013-02-12
ap_change,2011,IncreaseDecreaseInAccountsPayableTrade,0000950123-14-002054,2014-02-13
ap_change,2012,IncreaseDecreaseInAccountsPayableTrade,0000950123-15-002527,2015-02-17
ap_change,2013,IncreaseDecreaseInAccountsPayableTrade,0000950123-16-013733,2016-02-09
ap_change,2014,IncreaseDecreaseInAccountsPayableTrade,0001564590-17-001142,2017-02-08
ap_change,2015,IncreaseDecreaseInAccountsPayableTrade,0000950123-18-001052,2018-02-08
ap_change,2016,IncreaseDecreaseInAccountsPayableTrade,0000950123-19-000989,2019-02-08
ap_change,2017,IncreaseDecreaseInAccountsPayableTrade,0000950123-20-001393,2020-02-11
ap_change,2018,IncreaseDecreaseInAccountsPayableTrade,0001564590-21-004857,2021-02-09
ap_change,2019,IncreaseDecreaseInAccountsPayableTrade,0000950170-22-001201,2022-02-14
ap_change,2020,IncreaseDecreaseInAccountsPayableTrade,0000950170-23-002558,2023-02-13
ap_change,2021,IncreaseDecreaseInAccountsPayableTrade,0000950170-24-014240,2024-02-13
ap_change,2022,IncreaseDecreaseInAccountsPayableTrade,0000950170-25-020763,2025-02-14
ap_change,2023,IncreaseDecreaseInAccountsPayableTrade,0001628280-26-006708,2026-02-10
ap_change,2024,IncreaseDecreaseInAccountsPayableTrade,0001628280-26-006708,2026-02-10
ap_change,2025,IncreaseDecreaseInAccountsPayableTrade,0001628280-26-006708,2026-02-10
ar_change,2008,IncreaseDecreaseInAccountsReceivable,0000950123-11-011714,2011-02-10
ar_change,2009,IncreaseDecreaseInAccountsReceivable,0000950123-12-002512,2012-02-14
ar_change,2010,IncreaseDecreaseInAccountsReceivable,0000950123-13-000902,2013-02-12
ar_change,2011,IncreaseDecreaseInAccountsReceivable,0000950123-14-002054,2014-02-13
ar_change,2012,IncreaseDecreaseInAccountsReceivable,0000950123-15-002527,2015-02-17
ar_change,2013,IncreaseDecreaseInAccountsReceivable,0000950123-16-013733,2016-02-09
ar_change,2014,IncreaseDecreaseInAccountsReceivable,0001564590-17-001142,2017-02-08
ar_change,2015,IncreaseDecreaseInAccountsReceivable,0000950123-18-001052,2018-02-08
ar_change,2016,IncreaseDecreaseInAccountsReceivable,0000950123-19-000989,2019-02-08
ar_change,2017,IncreaseDecreaseInAccountsReceivable,0000950123-20-001393,2020-02-11
ar_change,2018,IncreaseDecreaseInAccountsReceivable,0001564590-21-004857,2021-02-09
ar_change,2019,IncreaseDecreaseInAccountsReceivable,0000950170-22-001201,2022-02-14
ar_change,2020,IncreaseDecreaseInAccountsReceivable,0000950170-23-002558,2023-02-13
ar_change,2021,IncreaseDecreaseInAccountsReceivable,0000950170-24-014240,2024-02-13
ar_change,2022,IncreaseDecreaseInAccountsReceivable,0000950170-25-020763,2025-02-14
ar_change,2023,IncreaseDecreaseInAccountsReceivable,0001628280-26-006708,2026-02-10
ar_change,2024,IncreaseDecreaseInAccountsReceivable,0001628280-26-006708,2026-02-10
ar_change,2025,IncreaseDecreaseInAccountsReceivable,0001628280-26-006708,2026-02-10
asset_sale_proceeds,2008,ProceedsFromSaleOfPropertyPlantAndEquipment,0000950123-11-011714,2011-02-10
asset_sale_proceeds,2009,ProceedsFromSaleOfPropertyPlantAndEquipment,0000950123-12-002512,2012-02-14
asset_sale_proceeds,2010,ProceedsFromSaleOfPropertyPlantAndEquipment,0000950123-13-000902,2013-02-12
asset_sale_proceeds,2011,ProceedsFromSaleOfPropertyPlantAndEquipment,0000950123-14-002054,2014-02-13
asset_sale_proceeds,2012,ProceedsFromSaleOfPropertyPlantAndEquipment,0000950123-15-002527,2015-02-17
asset_sale_proceeds,2013,ProceedsFromSaleOfPropertyPlantAndEquipment,0000950123-16-013733,2016-02-09
asset_sale_proceeds,2014,ProceedsFromSaleOfPropertyPlantAndEquipment,0001564590-17-001142,2017-02-08
asset_sale_proceeds,2015,ProceedsFromSaleOfPropertyPlantAndEquipment,0000950123-18-001052,2018-02-08
asset_sale_proceeds,2016,ProceedsFromSaleOfPropertyPlantAndEquipment,0000950123-19-000989,2019-02-08
asset_sale_proceeds,2017,ProceedsFromSaleOfPropertyPlantAndEquipment,0000950123-20-001393,2020-02-11
asset_sale_proceeds,2018,ProceedsFromSaleOfPropertyPlantAndEquipment,0001564590-21-004857,2021-02-09
asset_sale_proceeds,2019,ProceedsFromSaleOfPropertyPlantAndEquipment,0000950170-22-001201,2022-02-14
asset_sale_proceeds,2020,ProceedsFromSaleOfPropertyPlantAndEquipment,0000950170-23-002558,2023-02-13
asset_sale_proceeds,2021,ProceedsFromSaleOfPropertyPlantAndEquipment,0000950170-24-014240,2024-02-13
asset_sale_proceeds,2022,ProceedsFromSaleOfPropertyPlantAndEquipment,0000950170-25-020763,2025-02-14
asset_sale_proceeds,2023,ProceedsFromSaleOfPropertyPlantAndEquipment,0001628280-26-006708,2026-02-10
asset_sale_proceeds,2024,ProceedsFromSaleOfPropertyPlantAndEquipment,0001628280-26-006708,2026-02-10
asset_sale_proceeds,2025,ProceedsFromSaleOfPropertyPlantAndEquipment,0001628280-26-006708,2026-02-10
assets_held_for_sale,2023,AssetsHeldForSaleNotPartOfDisposalGroupCurrent,0000950170-25-020763,2025-02-14
assets_held_for_sale,2024,AssetsHeldForSaleNotPartOfDisposalGroupCurrent,0001628280-26-006708,2026-02-10
assets_held_for_sale,2025,AssetsHeldForSaleNotPartOfDisposalGroupCurrent,0001628280-26-006708,2026-02-10
buybacks,2012,PaymentsForRepurchaseOfCommonStock,0000950123-15-002527,2015-02-17
buybacks,2013,PaymentsForRepurchaseOfCommonStock,0000950123-16-013733,2016-02-09
buybacks,2014,PaymentsForRepurchaseOfCommonStock,0001564590-17-001142,2017-02-08
buybacks,2015,PaymentsForRepurchaseOfCommonStock,0000950123-18-001052,2018-02-08
buybacks,2016,PaymentsForRepurchaseOfCommonStock,0000950123-19-000989,2019-02-08
buybacks,2017,PaymentsForRepurchaseOfCommonStock,0000950123-20-001393,2020-02-11
buybacks,2018,PaymentsForRepurchaseOfCommonStock,0001564590-21-004857,2021-02-09
buybacks,2019,PaymentsForRepurchaseOfCommonStock,0001564590-21-004857,2021-02-09
buybacks,2020,PaymentsForRepurchaseOfCommonStock,0001564590-21-004857,2021-02-09
capex,2008,PaymentsToAcquirePropertyPlantAndEquipment,0000950123-11-011714,2011-02-10
capex,2009,PaymentsToAcquirePropertyPlantAndEquipment,0000950123-12-002512,2012-02-14
capex,2010,PaymentsToAcquirePropertyPlantAndEquipment,0000950123-13-000902,2013-02-12
capex,2011,PaymentsToAcquirePropertyPlantAndEquipment,0000950123-14-002054,2014-02-13
capex,2012,PaymentsToAcquirePropertyPlantAndEquipment,0000950123-15-002527,2015-02-17
capex,2013,PaymentsToAcquirePropertyPlantAndEquipment,0000950123-16-013733,2016-02-09
capex,2014,PaymentsToAcquirePropertyPlantAndEquipment,0001564590-17-001142,2017-02-08
capex,2015,PaymentsToAcquirePropertyPlantAndEquipment,0000950123-18-001052,2018-02-08
capex,2016,PaymentsToAcquirePropertyPlantAndEquipment,0000950123-19-000989,2019-02-08
capex,2017,PaymentsToAcquirePropertyPlantAndEquipment,0000950123-20-001393,2020-02-11
capex,2018,PaymentsToAcquirePropertyPlantAndEquipment,0001564590-21-004857,2021-02-09
capex,2019,PaymentsToAcquirePropertyPlantAndEquipment,0000950170-22-001201,2022-02-14
capex,2020,PaymentsToAcquirePropertyPlantAndEquipment,0000950170-23-002558,2023-02-13
capex,2021,PaymentsToAcquirePropertyPlantAndEquipment,0000950170-24-014240,2024-02-13
capex,2022,PaymentsToAcquirePropertyPlantAndEquipment,0000950170-25-020763,2025-02-14
capex,2023,PaymentsToAcquirePropertyPlantAndEquipment,0001628280-26-006708,2026-02-10
capex,2024,PaymentsToAcquirePropertyPlantAndEquipment,0001628280-26-006708,2026-02-10
capex,2025,PaymentsToAcquirePropertyPlantAndEquipment,0001628280-26-006708,2026-02-10
cash,2007,CashAndCashEquivalentsAtCarryingValue,0000950123-11-011714,2011-02-10
cash,2008,CashAndCashEquivalentsAtCarryingValue,0000950123-12-002512,2012-02-14
cash,2009,CashAndCashEquivalentsAtCarryingValue,0000950123-13-000902,2013-02-12
cash,2010,CashAndCashEquivalentsAtCarryingValue,0000950123-14-002054,2014-02-13
cash,2011,CashAndCashEquivalentsAtCarryingValue,0000950123-15-002527,2015-02-17
cash,2012,CashAndCashEquivalentsAtCarryingValue,0000950123-16-013733,2016-02-09
cash,2013,CashAndCashEquivalentsAtCarryingValue,0001564590-17-001142,2017-02-08
cash,2014,CashAndCashEquivalentsAtCarryingValue,0001564590-17-001142,2017-02-08
cash,2015,CashAndCashEquivalentsAtCarryingValue,0000950123-18-001052,2018-02-08
cash,2016,CashAndCashEquivalentsAtCarryingValue,0000950123-19-000989,2019-02-08
cash,2017,CashAndCashEquivalentsAtCarryingValue,0000950123-20-001393,2020-02-11
cash,2018,CashAndCashEquivalentsAtCarryingValue,0001564590-21-004857,2021-02-09
cash,2019,CashAndCashEquivalentsAtCarryingValue,0000950170-22-001201,2022-02-14
cash,2020,CashAndCashEquivalentsAtCarryingValue,0000950170-23-002558,2023-02-13
cash,2021,CashAndCashEquivalentsAtCarryingValue,0000950170-24-014240,2024-02-13
cash,2022,CashAndCashEquivalentsAtCarryingValue,0000950170-25-020763,2025-02-14
cash,2023,CashAndCashEquivalentsAtCarryingValue,0001628280-26-006708,2026-02-10
cash,2024,CashAndCashEquivalentsAtCarryingValue,0001628280-26-006708,2026-02-10
cash,2025,CashAndCashEquivalentsAtCarryingValue,0001628280-26-006708,2026-02-10
cff,2008,NetCashProvidedByUsedInFinancingActivities,0000950123-11-011714,2011-02-10
cff,2009,NetCashProvidedByUsedInFinancingActivities,0000950123-12-002512,2012-02-14
cff,2010,NetCashProvidedByUsedInFinancingActivities,0000950123-13-000902,2013-02-12
cff,2011,NetCashProvidedByUsedInFinancingActivities,0000950123-14-002054,2014-02-13
cff,2012,NetCashProvidedByUsedInFinancingActivities,0000950123-15-002527,2015-02-17
cff,2013,NetCashProvidedByUsedInFinancingActivities,0000950123-16-013733,2016-02-09
cff,2014,NetCashProvidedByUsedInFinancingActivities,0001564590-17-001142,2017-02-08
cff,2015,NetCashProvidedByUsedInFinancingActivities,0000950123-18-001052,2018-02-08
cff,2016,NetCashProvidedByUsedInFinancingActivities,0000950123-19-000989,2019-02-08
cff,2017,NetCashProvidedByUsedInFinancingActivities,0000950123-20-001393,2020-02-11
cff,2018,NetCashProvidedByUsedInFinancingActivities,0001564590-21-004857,2021-02-09
cff,2019,NetCashProvidedByUsedInFinancingActivities,0000950170-22-001201,2022-02-14
cff,2020,NetCashProvidedByUsedInFinancingActivities,0000950170-23-002558,2023-02-13
cff,2021,NetCashProvidedByUsedInFinancingActivities,0000950170-24-014240,2024-02-13
cff,2022,NetCashProvidedByUsedInFinancingActivities,0000950170-25-020763,2025-02-14
cff,2023,NetCashProvidedByUsedInFinancingActivities,0001628280-26-006708,2026-02-10
cff,2024,NetCashProvidedByUsedInFinancingActivities,0001628280-26-006708,2026-02-10
cff,2025,NetCashProvidedByUsedInFinancingActivities,0001628280-26-006708,2026-02-10
cfi,2008,NetCashProvidedByUsedInInvestingActivities,0000950123-11-011714,2011-02-10
cfi,2009,NetCashProvidedByUsedInInvestingActivities,0000950123-12-002512,2012-02-14
cfi,2010,NetCashProvidedByUsedInInvestingActivities,0000950123-13-000902,2013-02-12
cfi,2011,NetCashProvidedByUsedInInvestingActivities,0000950123-14-002054,2014-02-13
cfi,2012,NetCashProvidedByUsedInInvestingActivities,0000950123-15-002527,2015-02-17
cfi,2013,NetCashProvidedByUsedInInvestingActivities,0000950123-16-013733,2016-02-09
cfi,2014,NetCashProvidedByUsedInInvestingActivities,0001564590-17-001142,2017-02-08
cfi,2015,NetCashProvidedByUsedInInvestingActivities,0000950123-18-001052,2018-02-08
cfi,2016,NetCashProvidedByUsedInInvestingActivities,0000950123-19-000989,2019-02-08
cfi,2017,NetCashProvidedByUsedInInvestingActivities,0000950123-20-001393,2020-02-11
cfi,2018,NetCashProvidedByUsedInInvestingActivities,0001564590-21-004857,2021-02-09
cfi,2019,NetCashProvidedByUsedInInvestingActivities,0000950170-22-001201,2022-02-14
cfi,2020,NetCashProvidedByUsedInInvestingActivities,0000950170-23-002558,2023-02-13
cfi,2021,NetCashProvidedByUsedInInvestingActivities,0000950170-24-014240,2024-02-13
cfi,2022,NetCashProvidedByUsedInInvestingActivities,0000950170-25-020763,2025-02-14
cfi,2023,NetCashProvidedByUsedInInvestingActivities,0001628280-26-006708,2026-02-10
cfi,2024,NetCashProvidedByUsedInInvestingActivities,0001628280-26-006708,2026-02-10
cfi,2025,NetCashProvidedByUsedInInvestingActivities,0001628280-26-006708,2026-02-10
cfo,2008,NetCashProvidedByUsedInOperatingActivities,0000950123-11-011714,2011-02-10
cfo,2009,NetCashProvidedByUsedInOperatingActivities,0000950123-12-002512,2012-02-14
cfo,2010,NetCashProvidedByUsedInOperatingActivities,0000950123-13-000902,2013-02-12
cfo,2011,NetCashProvidedByUsedInOperatingActivities,0000950123-14-002054,2014-02-13
cfo,2012,NetCashProvidedByUsedInOperatingActivities,0000950123-15-002527,2015-02-17
cfo,2013,NetCashProvidedByUsedInOperatingActivities,0000950123-16-013733,2016-02-09
cfo,2014,NetCashProvidedByUsedInOperatingActivities,0001564590-17-001142,2017-02-08
cfo,2015,NetCashProvidedByUsedInOperatingActivities,0000950123-18-001052,2018-02-08
cfo,2016,NetCashProvidedByUsedInOperatingActivities,0000950123-19-000989,2019-02-08
cfo,2017,NetCashProvidedByUsedInOperatingActivities,0000950123-20-001393,2020-02-11
cfo,2018,NetCashProvidedByUsedInOperatingActivities,0001564590-21-004857,2021-02-09
cfo,2019,NetCashProvidedByUsedInOperatingActivities,0000950170-22-001201,2022-02-14
cfo,2020,NetCashProvidedByUsedInOperatingActivities,0000950170-23-002558,2023-02-13
cfo,2021,NetCashProvidedByUsedInOperatingActivities,0000950170-24-014240,2024-02-13
cfo,2022,NetCashProvidedByUsedInOperatingActivities,0000950170-25-020763,2025-02-14
cfo,2023,NetCashProvidedByUsedInOperatingActivities,0001628280-26-006708,2026-02-10
cfo,2024,NetCashProvidedByUsedInOperatingActivities,0001628280-26-006708,2026-02-10
cfo,2025,NetCashProvidedByUsedInOperatingActivities,0001628280-26-006708,2026-02-10
cogs,2008,CostOfGoodsSold,0000950123-11-011714,2011-02-10
cogs,2009,CostOfGoodsSold,0000950123-12-002512,2012-02-14
cogs,2010,CostOfGoodsSold,0000950123-13-000902,2013-02-12
cogs,2011,CostOfGoodsSold,0000950123-14-002054,2014-02-13
cogs,2012,CostOfGoodsSold,0000950123-15-002527,2015-02-17
cogs,2013,CostOfGoodsSold,0000950123-16-013733,2016-02-09
cogs,2014,CostOfGoodsSold,0001564590-17-001142,2017-02-08
cogs,2015,CostOfGoodsSold,0000950123-18-001052,2018-02-08
cogs,2016,CostOfGoodsAndServicesSold,0000950123-19-000989,2019-02-08
cogs,2017,CostOfGoodsAndServicesSold,0000950123-20-001393,2020-02-11
cogs,2018,CostOfGoodsAndServicesSold,0001564590-21-004857,2021-02-09
cogs,2019,CostOfGoodsAndServicesSold,0000950170-22-001201,2022-02-14
cogs,2020,CostOfGoodsAndServicesSold,0000950170-23-002558,2023-02-13
cogs,2021,CostOfGoodsAndServicesSold,0000950170-24-014240,2024-02-13
cogs,2022,CostOfGoodsAndServicesSold,0000950170-25-020763,2025-02-14
cogs,2023,CostOfGoodsAndServicesSold,0001628280-26-006708,2026-02-10
cogs,2024,CostOfGoodsAndServicesSold,0001628280-26-006708,2026-02-10
cogs,2025,CostOfGoodsAndServicesSold,0001628280-26-006708,2026-02-10
current_assets,2009,AssetsCurrent,0000950123-11-011714,2011-02-10
current_assets,2010,AssetsCurrent,0000950123-12-002512,2012-02-14
current_assets,2011,AssetsCurrent,0000950123-13-000902,2013-02-12
current_assets,2012,AssetsCurrent,0000950123-14-002054,2014-02-13
current_assets,2013,AssetsCurrent,0000950123-15-002527,2015-02-17
current_assets,2014,AssetsCurrent,0000950123-16-013733,2016-02-09
current_assets,2015,AssetsCurrent,0001564590-17-001142,2017-02-08
current_assets,2016,AssetsCurrent,0000950123-18-001052,2018-02-08
current_assets,2017,AssetsCurrent,0000950123-19-000989,2019-02-08
current_assets,2018,AssetsCurrent,0000950123-20-001393,2020-02-11
current_assets,2019,AssetsCurrent,0001564590-21-004857,2021-02-09
current_assets,2020,AssetsCurrent,0000950170-22-001201,2022-02-14
current_assets,2021,AssetsCurrent,0000950170-23-002558,2023-02-13
current_assets,2022,AssetsCurrent,0000950170-24-014240,2024-02-13
current_assets,2023,AssetsCurrent,0000950170-25-020763,2025-02-14
current_assets,2024,AssetsCurrent,0001628280-26-006708,2026-02-10
current_assets,2025,AssetsCurrent,0001628280-26-006708,2026-02-10
current_liabilities,2009,LiabilitiesCurrent,0000950123-11-011714,2011-02-10
current_liabilities,2010,LiabilitiesCurrent,0000950123-12-002512,2012-02-14
current_liabilities,2011,LiabilitiesCurrent,0000950123-13-000902,2013-02-12
current_liabilities,2012,LiabilitiesCurrent,0000950123-14-002054,2014-02-13
current_liabilities,2013,LiabilitiesCurrent,0000950123-15-002527,2015-02-17
current_liabilities,2014,LiabilitiesCurrent,0000950123-16-013733,2016-02-09
current_liabilities,2015,LiabilitiesCurrent,0001564590-17-001142,2017-02-08
current_liabilities,2016,LiabilitiesCurrent,0000950123-18-001052,2018-02-08
current_liabilities,2017,LiabilitiesCurrent,0000950123-19-000989,2019-02-08
current_liabilities,2018,LiabilitiesCurrent,0000950123-20-001393,2020-02-11
current_liabilities,2019,LiabilitiesCurrent,0001564590-21-004857,2021-02-09
current_liabilities,2020,LiabilitiesCurrent,0000950170-22-001201,2022-02-14
current_liabilities,2021,LiabilitiesCurrent,0000950170-23-002558,2023-02-13
current_liabilities,2022,LiabilitiesCurrent,0000950170-24-014240,2024-02-13
current_liabilities,2023,LiabilitiesCurrent,0000950170-25-020763,2025-02-14
current_liabilities,2024,LiabilitiesCurrent,0001628280-26-006708,2026-02-10
current_liabilities,2025,LiabilitiesCurrent,0001628280-26-006708,2026-02-10
current_tax,2009,CurrentIncomeTaxExpenseBenefit,0000950123-12-002512,2012-02-14
current_tax,2010,CurrentIncomeTaxExpenseBenefit,0000950123-13-000902,2013-02-12
current_tax,2011,CurrentIncomeTaxExpenseBenefit,0000950123-14-002054,2014-02-13
current_tax,2012,CurrentIncomeTaxExpenseBenefit,0000950123-15-002527,2015-02-17
current_tax,2013,CurrentIncomeTaxExpenseBenefit,0000950123-16-013733,2016-02-09
current_tax,2014,CurrentIncomeTaxExpenseBenefit,0001564590-17-001142,2017-02-08
current_tax,2015,CurrentIncomeTaxExpenseBenefit,0000950123-18-001052,2018-02-08
current_tax,2016,CurrentIncomeTaxExpenseBenefit,0000950123-19-000989,2019-02-08
current_tax,2017,CurrentIncomeTaxExpenseBenefit,0000950123-20-001393,2020-02-11
current_tax,2018,CurrentIncomeTaxExpenseBenefit,0001564590-21-004857,2021-02-09
current_tax,2019,CurrentIncomeTaxExpenseBenefit,0000950170-22-001201,2022-02-14
current_tax,2020,CurrentIncomeTaxExpenseBenefit,0000950170-23-002558,2023-02-13
current_tax,2021,CurrentIncomeTaxExpenseBenefit,0000950170-24-014240,2024-02-13
current_tax,2022,CurrentIncomeTaxExpenseBenefit,0000950170-25-020763,2025-02-14
current_tax,2023,CurrentIncomeTaxExpenseBenefit,0001628280-26-006708,2026-02-10
current_tax,2024,CurrentIncomeTaxExpenseBenefit,0001628280-26-006708,2026-02-10
current_tax,2025,CurrentIncomeTaxExpenseBenefit,0001628280-26-006708,2026-02-10
debt_current_total,2010,DebtCurrent,0000950123-12-002512,2012-02-14
debt_current_total,2011,DebtCurrent,0000950123-13-000902,2013-02-12
debt_current_total,2012,DebtCurrent,0000950123-14-002054,2014-02-13
debt_current_total,2013,DebtCurrent,0000950123-15-002527,2015-02-17
debt_current_total,2014,DebtCurrent,0000950123-16-013733,2016-02-09
debt_current_total,2015,DebtCurrent,0001564590-17-001142,2017-02-08
debt_current_total,2016,DebtCurrent,0000950123-18-001052,2018-02-08
debt_current_total,2017,DebtCurrent,0000950123-19-000989,2019-02-08
debt_current_total,2018,DebtCurrent,0000950123-20-001393,2020-02-11
debt_current_total,2019,DebtCurrent,0001564590-21-004857,2021-02-09
debt_current_total,2020,DebtCurrent,0000950170-22-001201,2022-02-14
debt_current_total,2021,DebtCurrent,0000950170-23-002558,2023-02-13
debt_current_total,2022,DebtCurrent,0000950170-24-014240,2024-02-13
debt_current_total,2023,DebtCurrent,0000950170-25-020763,2025-02-14
debt_current_total,2024,DebtCurrent,0001628280-26-006708,2026-02-10
debt_current_total,2025,DebtCurrent,0001628280-26-006708,2026-02-10
deferred_tax,2009,DeferredIncomeTaxExpenseBenefit,0000950123-12-002512,2012-02-14
deferred_tax,2010,DeferredIncomeTaxExpenseBenefit,0000950123-13-000902,2013-02-12
deferred_tax,2011,DeferredIncomeTaxExpenseBenefit,0000950123-14-002054,2014-02-13
deferred_tax,2012,DeferredIncomeTaxExpenseBenefit,0000950123-15-002527,2015-02-17
deferred_tax,2013,DeferredIncomeTaxExpenseBenefit,0000950123-16-013733,2016-02-09
deferred_tax,2014,DeferredIncomeTaxExpenseBenefit,0001564590-17-001142,2017-02-08
deferred_tax,2015,DeferredIncomeTaxExpenseBenefit,0000950123-18-001052,2018-02-08
deferred_tax,2016,DeferredIncomeTaxExpenseBenefit,0000950123-19-000989,2019-02-08
deferred_tax,2017,DeferredIncomeTaxExpenseBenefit,0000950123-20-001393,2020-02-11
deferred_tax,2018,DeferredIncomeTaxExpenseBenefit,0001564590-21-004857,2021-02-09
deferred_tax,2019,DeferredIncomeTaxExpenseBenefit,0000950170-22-001201,2022-02-14
deferred_tax,2020,DeferredIncomeTaxExpenseBenefit,0000950170-23-002558,2023-02-13
deferred_tax,2021,DeferredIncomeTaxExpenseBenefit,0000950170-24-014240,2024-02-13
deferred_tax,2022,DeferredIncomeTaxExpenseBenefit,0000950170-25-020763,2025-02-14
deferred_tax,2023,DeferredIncomeTaxExpenseBenefit,0001628280-26-006708,2026-02-10
deferred_tax,2024,DeferredIncomeTaxExpenseBenefit,0001628280-26-006708,2026-02-10
deferred_tax,2025,DeferredIncomeTaxExpenseBenefit,0001628280-26-006708,2026-02-10
depreciation,2010,Depreciation,0000950123-13-000902,2013-02-12
depreciation,2011,Depreciation,0000950123-14-002054,2014-02-13
depreciation,2012,Depreciation,0000950123-15-002527,2015-02-17
depreciation,2013,Depreciation,0000950123-16-013733,2016-02-09
depreciation,2014,Depreciation,0001564590-17-001142,2017-02-08
depreciation,2015,Depreciation,0000950123-18-001052,2018-02-08
depreciation,2016,Depreciation,0000950123-19-000989,2019-02-08
depreciation,2017,Depreciation,0000950123-20-001393,2020-02-11
depreciation,2018,Depreciation,0001564590-21-004857,2021-02-09
depreciation,2019,Depreciation,0000950170-22-001201,2022-02-14
depreciation,2020,Depreciation,0000950170-23-002558,2023-02-13
depreciation,2021,Depreciation,0000950170-24-014240,2024-02-13
depreciation,2022,Depreciation,0000950170-25-020763,2025-02-14
depreciation,2023,Depreciation,0001628280-26-006708,2026-02-10
depreciation,2024,Depreciation,0001628280-26-006708,2026-02-10
depreciation,2025,Depreciation,0001628280-26-006708,2026-02-10
dividends_paid,2011,PaymentsOfDividendsCommonStock,0000950123-14-002054,2014-02-13
dividends_paid,2012,PaymentsOfDividendsCommonStock,0000950123-15-002527,2015-02-17
dividends_paid,2013,PaymentsOfDividendsCommonStock,0000950123-16-013733,2016-02-09
dividends_paid,2014,PaymentsOfDividendsCommonStock,0001564590-17-001142,2017-02-08
dividends_paid,2015,PaymentsOfDividendsCommonStock,0000950123-18-001052,2018-02-08
dividends_paid,2016,PaymentsOfDividendsCommonStock,0000950123-19-000989,2019-02-08
dividends_paid,2017,PaymentsOfDividendsCommonStock,0000950123-20-001393,2020-02-11
dividends_paid,2018,PaymentsOfDividendsCommonStock,0001564590-21-004857,2021-02-09
dividends_paid,2019,PaymentsOfDividendsCommonStock,0000950170-22-001201,2022-02-14
dividends_paid,2020,PaymentsOfDividendsCommonStock,0000950170-23-002558,2023-02-13
dividends_paid,2021,PaymentsOfDividendsCommonStock,0000950170-24-014240,2024-02-13
dividends_paid,2022,PaymentsOfDividendsCommonStock,0000950170-25-020763,2025-02-14
dividends_paid,2023,PaymentsOfDividendsCommonStock,0001628280-26-006708,2026-02-10
dividends_paid,2024,PaymentsOfDividendsCommonStock,0001628280-26-006708,2026-02-10
dividends_paid,2025,PaymentsOfDividendsCommonStock,0001628280-26-006708,2026-02-10
dna,2008,DepreciationDepletionAndAmortization,0000950123-11-011714,2011-02-10
dna,2009,DepreciationDepletionAndAmortization,0000950123-12-002512,2012-02-14
dna,2010,DepreciationDepletionAndAmortization,0000950123-13-000902,2013-02-12
dna,2011,DepreciationDepletionAndAmortization,0000950123-14-002054,2014-02-13
dna,2012,DepreciationDepletionAndAmortization,0000950123-15-002527,2015-02-17
dna,2013,DepreciationDepletionAndAmortization,0000950123-16-013733,2016-02-09
dna,2014,DepreciationDepletionAndAmortization,0001564590-17-001142,2017-02-08
dna,2015,DepreciationDepletionAndAmortization,0000950123-18-001052,2018-02-08
dna,2016,DepreciationDepletionAndAmortization,0000950123-19-000989,2019-02-08
dna,2017,DepreciationDepletionAndAmortization,0000950123-20-001393,2020-02-11
dna,2018,DepreciationDepletionAndAmortization,0001564590-21-004857,2021-02-09
dna,2019,DepreciationDepletionAndAmortization,0000950170-22-001201,2022-02-14
dna,2020,DepreciationDepletionAndAmortization,0000950170-23-002558,2023-02-13
dna,2021,DepreciationDepletionAndAmortization,0000950170-24-014240,2024-02-13
dna,2022,DepreciationDepletionAndAmortization,0000950170-25-020763,2025-02-14
dna,2023,DepreciationDepletionAndAmortization,0001628280-26-006708,2026-02-10
dna,2024,DepreciationDepletionAndAmortization,0001628280-26-006708,2026-02-10
dna,2025,DepreciationDepletionAndAmortization,0001628280-26-006708,2026-02-10
dps_declared,2013,CommonStockDividendsPerShareDeclared,0000950123-16-013733,2016-02-09
dps_declared,2014,CommonStockDividendsPerShareDeclared,0001564590-17-001142,2017-02-08
dps_declared,2015,CommonStockDividendsPerShareDeclared,0000950123-18-001052,2018-02-08
dps_declared,2016,CommonStockDividendsPerShareDeclared,0000950123-19-000989,2019-02-08
dps_declared,2017,CommonStockDividendsPerShareDeclared,0000950123-20-001393,2020-02-11
dps_declared,2018,CommonStockDividendsPerShareDeclared,0001564590-21-004857,2021-02-09
dps_declared,2019,CommonStockDividendsPerShareDeclared,0000950170-22-001201,2022-02-14
dps_declared,2020,CommonStockDividendsPerShareDeclared,0000950170-23-002558,2023-02-13
dps_declared,2021,CommonStockDividendsPerShareDeclared,0000950170-24-014240,2024-02-13
dps_declared,2022,CommonStockDividendsPerShareDeclared,0000950170-25-020763,2025-02-14
dps_declared,2023,CommonStockDividendsPerShareDeclared,0001628280-26-006708,2026-02-10
dps_declared,2024,CommonStockDividendsPerShareDeclared,0001628280-26-006708,2026-02-10
dps_declared,2025,CommonStockDividendsPerShareDeclared,0001628280-26-006708,2026-02-10
dta_net,2016,DeferredIncomeTaxAssetsNet,0000950123-18-001052,2018-02-08
dta_net,2017,DeferredIncomeTaxAssetsNet,0000950123-19-000989,2019-02-08
dta_net,2018,DeferredIncomeTaxAssetsNet,0000950123-20-001393,2020-02-11
dta_net,2019,DeferredIncomeTaxAssetsNet,0001564590-21-004857,2021-02-09
dta_net,2020,DeferredIncomeTaxAssetsNet,0000950170-22-001201,2022-02-14
dta_net,2021,DeferredIncomeTaxAssetsNet,0000950170-23-002558,2023-02-13
dta_net,2022,DeferredIncomeTaxAssetsNet,0000950170-24-014240,2024-02-13
dta_net,2023,DeferredIncomeTaxAssetsNet,0000950170-25-020763,2025-02-14
dta_net,2024,DeferredIncomeTaxAssetsNet,0001628280-26-006708,2026-02-10
dta_net,2025,DeferredIncomeTaxAssetsNet,0001628280-26-006708,2026-02-10
dta_valuation_allowance,2010,DeferredTaxAssetsValuationAllowance,0000950123-12-002512,2012-02-14
dta_valuation_allowance,2011,DeferredTaxAssetsValuationAllowance,0000950123-13-000902,2013-02-12
dta_valuation_allowance,2012,DeferredTaxAssetsValuationAllowance,0000950123-14-002054,2014-02-13
dta_valuation_allowance,2013,DeferredTaxAssetsValuationAllowance,0000950123-15-002527,2015-02-17
dta_valuation_allowance,2014,DeferredTaxAssetsValuationAllowance,0000950123-16-013733,2016-02-09
dta_valuation_allowance,2015,DeferredTaxAssetsValuationAllowance,0001564590-17-001142,2017-02-08
dta_valuation_allowance,2016,DeferredTaxAssetsValuationAllowance,0000950123-18-001052,2018-02-08
dta_valuation_allowance,2017,DeferredTaxAssetsValuationAllowance,0000950123-19-000989,2019-02-08
dta_valuation_allowance,2018,DeferredTaxAssetsValuationAllowance,0000950123-20-001393,2020-02-11
dta_valuation_allowance,2019,DeferredTaxAssetsValuationAllowance,0001564590-21-004857,2021-02-09
dta_valuation_allowance,2020,DeferredTaxAssetsValuationAllowance,0000950170-22-001201,2022-02-14
dta_valuation_allowance,2021,DeferredTaxAssetsValuationAllowance,0000950170-23-002558,2023-02-13
dta_valuation_allowance,2022,DeferredTaxAssetsValuationAllowance,0000950170-24-014240,2024-02-13
dta_valuation_allowance,2023,DeferredTaxAssetsValuationAllowance,0000950170-25-020763,2025-02-14
dta_valuation_allowance,2024,DeferredTaxAssetsValuationAllowance,0001628280-26-006708,2026-02-10
dta_valuation_allowance,2025,DeferredTaxAssetsValuationAllowance,0001628280-26-006708,2026-02-10
eps_basic,2008,EarningsPerShareBasic,0000950123-11-011714,2011-02-10
eps_basic,2009,EarningsPerShareBasic,0000950123-12-002512,2012-02-14
eps_basic,2010,EarningsPerShareBasic,0000950123-13-000902,2013-02-12
eps_basic,2011,EarningsPerShareBasic,0000950123-14-002054,2014-02-13
eps_basic,2012,EarningsPerShareBasic,0000950123-15-002527,2015-02-17
eps_basic,2013,EarningsPerShareBasic,0000950123-16-013733,2016-02-09
eps_basic,2014,EarningsPerShareBasic,0001564590-17-001142,2017-02-08
eps_basic,2015,EarningsPerShareBasic,0000950123-18-001052,2018-02-08
eps_basic,2016,EarningsPerShareBasic,0000950123-19-000989,2019-02-08
eps_basic,2017,EarningsPerShareBasic,0000950123-20-001393,2020-02-11
eps_basic,2018,EarningsPerShareBasic,0001564590-21-004857,2021-02-09
eps_basic,2019,EarningsPerShareBasic,0000950170-22-001201,2022-02-14
eps_basic,2020,EarningsPerShareBasic,0000950170-23-002558,2023-02-13
eps_basic,2021,EarningsPerShareBasic,0000950170-24-014240,2024-02-13
eps_basic,2022,EarningsPerShareBasic,0000950170-25-020763,2025-02-14
eps_basic,2023,EarningsPerShareBasic,0001628280-26-006708,2026-02-10
eps_basic,2024,EarningsPerShareBasic,0001628280-26-006708,2026-02-10
eps_basic,2025,EarningsPerShareBasic,0001628280-26-006708,2026-02-10
eps_diluted,2008,EarningsPerShareDiluted,0000950123-11-011714,2011-02-10
eps_diluted,2009,EarningsPerShareDiluted,0000950123-12-002512,2012-02-14
eps_diluted,2010,EarningsPerShareDiluted,0000950123-13-000902,2013-02-12
eps_diluted,2011,EarningsPerShareDiluted,0000950123-14-002054,2014-02-13
eps_diluted,2012,EarningsPerShareDiluted,0000950123-15-002527,2015-02-17
eps_diluted,2013,EarningsPerShareDiluted,0000950123-16-013733,2016-02-09
eps_diluted,2014,EarningsPerShareDiluted,0001564590-17-001142,2017-02-08
eps_diluted,2015,EarningsPerShareDiluted,0000950123-18-001052,2018-02-08
eps_diluted,2016,EarningsPerShareDiluted,0000950123-19-000989,2019-02-08
eps_diluted,2017,EarningsPerShareDiluted,0000950123-20-001393,2020-02-11
eps_diluted,2018,EarningsPerShareDiluted,0001564590-21-004857,2021-02-09
eps_diluted,2019,EarningsPerShareDiluted,0000950170-22-001201,2022-02-14
eps_diluted,2020,EarningsPerShareDiluted,0000950170-23-002558,2023-02-13
eps_diluted,2021,EarningsPerShareDiluted,0000950170-24-014240,2024-02-13
eps_diluted,2022,EarningsPerShareDiluted,0000950170-25-020763,2025-02-14
eps_diluted,2023,EarningsPerShareDiluted,0001628280-26-006708,2026-02-10
eps_diluted,2024,EarningsPerShareDiluted,0001628280-26-006708,2026-02-10
eps_diluted,2025,EarningsPerShareDiluted,0001628280-26-006708,2026-02-10
equity_method_income,2009,IncomeLossFromEquityMethodInvestments,0000950123-12-002512,2012-02-14
equity_method_income,2010,IncomeLossFromEquityMethodInvestments,0000950123-13-000902,2013-02-12
equity_method_income,2011,IncomeLossFromEquityMethodInvestments,0000950123-14-002054,2014-02-13
equity_method_income,2012,IncomeLossFromEquityMethodInvestments,0000950123-15-002527,2015-02-17
equity_method_income,2013,IncomeLossFromEquityMethodInvestments,0000950123-16-013733,2016-02-09
equity_method_income,2014,IncomeLossFromEquityMethodInvestments,0001564590-17-001142,2017-02-08
equity_method_income,2015,IncomeLossFromEquityMethodInvestments,0000950123-18-001052,2018-02-08
equity_method_income,2016,IncomeLossFromEquityMethodInvestments,0000950123-19-000989,2019-02-08
equity_method_income,2017,IncomeLossFromEquityMethodInvestments,0000950123-20-001393,2020-02-11
equity_method_income,2018,IncomeLossFromEquityMethodInvestments,0000950123-20-001393,2020-02-11
equity_method_income,2019,IncomeLossFromEquityMethodInvestments,0000950123-20-001393,2020-02-11
equity_parent,2009,StockholdersEquity,0000950123-11-011714,2011-02-10
equity_parent,2010,StockholdersEquity,0000950123-12-002512,2012-02-14
equity_parent,2011,StockholdersEquity,0000950123-13-000902,2013-02-12
equity_parent,2012,StockholdersEquity,0000950123-14-002054,2014-02-13
equity_parent,2013,StockholdersEquity,0000950123-15-002527,2015-02-17
equity_parent,2014,StockholdersEquity,0000950123-16-013733,2016-02-09
equity_parent,2015,StockholdersEquity,0001564590-17-001142,2017-02-08
equity_parent,2016,StockholdersEquity,0000950123-18-001052,2018-02-08
equity_parent,2017,StockholdersEquity,0000950123-19-000989,2019-02-08
equity_parent,2018,StockholdersEquity,0000950123-20-001393,2020-02-11
equity_parent,2019,StockholdersEquity,0001564590-21-004857,2021-02-09
equity_parent,2020,StockholdersEquity,0000950170-22-001201,2022-02-14
equity_parent,2021,StockholdersEquity,0000950170-23-002558,2023-02-13
equity_parent,2022,StockholdersEquity,0000950170-24-014240,2024-02-13
equity_parent,2023,StockholdersEquity,0000950170-25-020763,2025-02-14
equity_parent,2024,StockholdersEquity,0001628280-26-006708,2026-02-10
equity_parent,2025,StockholdersEquity,0001628280-26-006708,2026-02-10
equity_total,2007,StockholdersEquityIncludingPortionAttributableToNoncontrollingInterest,0000950123-11-011714,2011-02-10
equity_total,2008,StockholdersEquityIncludingPortionAttributableToNoncontrollingInterest,0000950123-12-002512,2012-02-14
equity_total,2009,StockholdersEquityIncludingPortionAttributableToNoncontrollingInterest,0000950123-12-002512,2012-02-14
equity_total,2010,StockholdersEquityIncludingPortionAttributableToNoncontrollingInterest,0000950123-12-002512,2012-02-14
equity_total,2011,StockholdersEquityIncludingPortionAttributableToNoncontrollingInterest,0000950123-13-000902,2013-02-12
equity_total,2012,StockholdersEquityIncludingPortionAttributableToNoncontrollingInterest,0000950123-14-002054,2014-02-13
equity_total,2013,StockholdersEquityIncludingPortionAttributableToNoncontrollingInterest,0000950123-15-002527,2015-02-17
equity_total,2014,StockholdersEquityIncludingPortionAttributableToNoncontrollingInterest,0000950123-16-013733,2016-02-09
equity_total,2015,StockholdersEquityIncludingPortionAttributableToNoncontrollingInterest,0000950123-19-000989,2019-02-08
equity_total,2016,StockholdersEquityIncludingPortionAttributableToNoncontrollingInterest,0000950123-20-001393,2020-02-11
equity_total,2017,StockholdersEquityIncludingPortionAttributableToNoncontrollingInterest,0001564590-21-004857,2021-02-09
equity_total,2018,StockholdersEquityIncludingPortionAttributableToNoncontrollingInterest,0000950170-22-001201,2022-02-14
equity_total,2019,StockholdersEquityIncludingPortionAttributableToNoncontrollingInterest,0000950170-23-002558,2023-02-13
equity_total,2020,StockholdersEquityIncludingPortionAttributableToNoncontrollingInterest,0000950170-24-014240,2024-02-13
equity_total,2021,StockholdersEquityIncludingPortionAttributableToNoncontrollingInterest,0000950170-25-020763,2025-02-14
equity_total,2022,StockholdersEquityIncludingPortionAttributableToNoncontrollingInterest,0001628280-26-006708,2026-02-10
equity_total,2023,StockholdersEquityIncludingPortionAttributableToNoncontrollingInterest,0001628280-26-006708,2026-02-10
equity_total,2024,StockholdersEquityIncludingPortionAttributableToNoncontrollingInterest,0001628280-26-006708,2026-02-10
equity_total,2025,StockholdersEquityIncludingPortionAttributableToNoncontrollingInterest,0001628280-26-006708,2026-02-10
gain_on_asset_sales,2013,GainLossOnDispositionOfAssets1,0000950123-16-013733,2016-02-09
gain_on_asset_sales,2014,GainLossOnDispositionOfAssets1,0001564590-17-001142,2017-02-08
gain_on_asset_sales,2015,GainLossOnDispositionOfAssets1,0000950123-18-001052,2018-02-08
gain_on_asset_sales,2016,GainLossOnDispositionOfAssets1,0000950123-19-000989,2019-02-08
gain_on_asset_sales,2017,GainLossOnDispositionOfAssets1,0000950123-20-001393,2020-02-11
gain_on_asset_sales,2018,GainLossOnDispositionOfAssets1,0001564590-21-004857,2021-02-09
gain_on_asset_sales,2019,GainLossOnDispositionOfAssets1,0000950170-22-001201,2022-02-14
gain_on_asset_sales,2020,GainLossOnDispositionOfAssets1,0000950170-23-002558,2023-02-13
gain_on_asset_sales,2021,GainLossOnDispositionOfAssets1,0000950170-24-014240,2024-02-13
gain_on_asset_sales,2022,GainLossOnDispositionOfAssets1,0000950170-25-020763,2025-02-14
gain_on_asset_sales,2023,GainLossOnDispositionOfAssets1,0001628280-26-006708,2026-02-10
gain_on_asset_sales,2024,GainLossOnDispositionOfAssets1,0001628280-26-006708,2026-02-10
gain_on_asset_sales,2025,GainLossOnDispositionOfAssets1,0001628280-26-006708,2026-02-10
goodwill,2009,Goodwill,0000950123-12-002512,2012-02-14
goodwill,2010,Goodwill,0000950123-13-000902,2013-02-12
goodwill,2011,Goodwill,0000950123-14-002054,2014-02-13
goodwill,2012,Goodwill,0000950123-15-002527,2015-02-17
goodwill,2013,Goodwill,0000950123-16-013733,2016-02-09
goodwill,2014,Goodwill,0001564590-17-001142,2017-02-08
goodwill,2015,Goodwill,0000950123-18-001052,2018-02-08
goodwill,2016,Goodwill,0000950123-19-000989,2019-02-08
goodwill,2017,Goodwill,0000950123-20-001393,2020-02-11
goodwill,2018,Goodwill,0001564590-21-004857,2021-02-09
goodwill,2019,Goodwill,0000950170-22-001201,2022-02-14
goodwill,2020,Goodwill,0000950170-23-002558,2023-02-13
goodwill,2021,Goodwill,0000950170-24-014240,2024-02-13
goodwill,2022,Goodwill,0000950170-25-020763,2025-02-14
goodwill,2023,Goodwill,0001628280-26-006708,2026-02-10
goodwill,2024,Goodwill,0001628280-26-006708,2026-02-10
goodwill,2025,Goodwill,0001628280-26-006708,2026-02-10
goodwill_impairment,2009,GoodwillImpairmentLoss,0000950123-12-002512,2012-02-14
goodwill_impairment,2010,GoodwillImpairmentLoss,0000950123-12-002512,2012-02-14
goodwill_impairment,2011,GoodwillImpairmentLoss,0000950123-12-002512,2012-02-14
goodwill_impairment,2019,GoodwillImpairmentLoss,0001564590-21-004857,2021-02-09
goodwill_impairment,2020,GoodwillImpairmentLoss,0000950170-22-001201,2022-02-14
goodwill_impairment,2021,GoodwillImpairmentLoss,0000950170-24-014240,2024-02-13
goodwill_impairment,2022,GoodwillImpairmentLoss,0000950170-24-014240,2024-02-13
goodwill_impairment,2023,GoodwillImpairmentLoss,0000950170-25-020763,2025-02-14
goodwill_impairment,2024,GoodwillImpairmentLoss,0001628280-26-006708,2026-02-10
goodwill_impairment,2025,GoodwillImpairmentLoss,0001628280-26-006708,2026-02-10
goodwill_intangible_impairment,2013,GoodwillAndIntangibleAssetImpairment,0000950123-16-013733,2016-02-09
goodwill_intangible_impairment,2014,GoodwillAndIntangibleAssetImpairment,0001564590-17-001142,2017-02-08
goodwill_intangible_impairment,2015,GoodwillAndIntangibleAssetImpairment,0000950123-18-001052,2018-02-08
goodwill_intangible_impairment,2016,GoodwillAndIntangibleAssetImpairment,0000950123-19-000989,2019-02-08
goodwill_intangible_impairment,2017,GoodwillAndIntangibleAssetImpairment,0000950123-20-001393,2020-02-11
goodwill_intangible_impairment,2018,GoodwillAndIntangibleAssetImpairment,0000950123-20-001393,2020-02-11
goodwill_intangible_impairment,2019,GoodwillAndIntangibleAssetImpairment,0000950123-20-001393,2020-02-11
goodwill_intangible_impairment,2022,GoodwillAndIntangibleAssetImpairment,0000950170-25-020763,2025-02-14
goodwill_intangible_impairment,2023,GoodwillAndIntangibleAssetImpairment,0001628280-26-006708,2026-02-10
goodwill_intangible_impairment,2024,GoodwillAndIntangibleAssetImpairment,0001628280-26-006708,2026-02-10
goodwill_intangible_impairment,2025,GoodwillAndIntangibleAssetImpairment,0001628280-26-006708,2026-02-10
income_tax,2008,IncomeTaxExpenseBenefit,0000950123-11-011714,2011-02-10
income_tax,2009,IncomeTaxExpenseBenefit,0000950123-12-002512,2012-02-14
income_tax,2010,IncomeTaxExpenseBenefit,0000950123-13-000902,2013-02-12
income_tax,2011,IncomeTaxExpenseBenefit,0000950123-14-002054,2014-02-13
income_tax,2012,IncomeTaxExpenseBenefit,0000950123-15-002527,2015-02-17
income_tax,2013,IncomeTaxExpenseBenefit,0000950123-16-013733,2016-02-09
income_tax,2014,IncomeTaxExpenseBenefit,0001564590-17-001142,2017-02-08
income_tax,2015,IncomeTaxExpenseBenefit,0000950123-18-001052,2018-02-08
income_tax,2016,IncomeTaxExpenseBenefit,0000950123-19-000989,2019-02-08
income_tax,2017,IncomeTaxExpenseBenefit,0000950123-20-001393,2020-02-11
income_tax,2018,IncomeTaxExpenseBenefit,0001564590-21-004857,2021-02-09
income_tax,2019,IncomeTaxExpenseBenefit,0000950170-22-001201,2022-02-14
income_tax,2020,IncomeTaxExpenseBenefit,0000950170-23-002558,2023-02-13
income_tax,2021,IncomeTaxExpenseBenefit,0000950170-24-014240,2024-02-13
income_tax,2022,IncomeTaxExpenseBenefit,0000950170-25-020763,2025-02-14
income_tax,2023,IncomeTaxExpenseBenefit,0001628280-26-006708,2026-02-10
income_tax,2024,IncomeTaxExpenseBenefit,0001628280-26-006708,2026-02-10
income_tax,2025,IncomeTaxExpenseBenefit,0001628280-26-006708,2026-02-10
intangibles,2009,IntangibleAssetsNetExcludingGoodwill,0000950123-11-011714,2011-02-10
intangibles,2010,IntangibleAssetsNetExcludingGoodwill,0000950123-12-002512,2012-02-14
intangibles,2011,IntangibleAssetsNetExcludingGoodwill,0000950123-13-000902,2013-02-12
intangibles,2012,IntangibleAssetsNetExcludingGoodwill,0000950123-14-002054,2014-02-13
intangibles,2013,IntangibleAssetsNetExcludingGoodwill,0000950123-15-002527,2015-02-17
intangibles,2014,IntangibleAssetsNetExcludingGoodwill,0000950123-16-013733,2016-02-09
intangibles,2015,IntangibleAssetsNetExcludingGoodwill,0001564590-17-001142,2017-02-08
intangibles,2016,IntangibleAssetsNetExcludingGoodwill,0000950123-18-001052,2018-02-08
intangibles,2017,IntangibleAssetsNetExcludingGoodwill,0000950123-19-000989,2019-02-08
intangibles,2018,IntangibleAssetsNetExcludingGoodwill,0000950123-20-001393,2020-02-11
intangibles,2019,IntangibleAssetsNetExcludingGoodwill,0001564590-21-004857,2021-02-09
intangibles,2020,IntangibleAssetsNetExcludingGoodwill,0000950170-22-001201,2022-02-14
intangibles,2021,IntangibleAssetsNetExcludingGoodwill,0000950170-23-002558,2023-02-13
intangibles,2022,IntangibleAssetsNetExcludingGoodwill,0000950170-24-014240,2024-02-13
intangibles,2023,IntangibleAssetsNetExcludingGoodwill,0000950170-25-020763,2025-02-14
intangibles,2024,IntangibleAssetsNetExcludingGoodwill,0001628280-26-006708,2026-02-10
intangibles,2025,IntangibleAssetsNetExcludingGoodwill,0001628280-26-006708,2026-02-10
interest_expense,2008,InterestExpense,0000950123-11-011714,2011-02-10
interest_expense,2009,InterestExpense,0000950123-12-002512,2012-02-14
interest_expense,2010,InterestExpense,0000950123-13-000902,2013-02-12
interest_expense,2011,InterestExpense,0000950123-14-002054,2014-02-13
interest_expense,2012,InterestExpense,0000950123-15-002527,2015-02-17
interest_expense,2013,InterestExpense,0000950123-16-013733,2016-02-09
interest_expense,2014,InterestExpense,0001564590-17-001142,2017-02-08
interest_expense,2015,InterestExpense,0000950123-18-001052,2018-02-08
interest_expense,2016,InterestExpense,0000950123-19-000989,2019-02-08
interest_expense,2017,InterestExpense,0000950123-20-001393,2020-02-11
interest_expense,2018,InterestExpense,0001564590-21-004857,2021-02-09
interest_expense,2019,InterestExpense,0000950170-22-001201,2022-02-14
interest_expense,2020,InterestExpense,0000950170-23-002558,2023-02-13
interest_expense,2021,InterestExpense,0000950170-24-014240,2024-02-13
interest_expense,2022,InterestExpense,0000950170-25-020763,2025-02-14
interest_expense,2023,InterestExpenseNonoperating,0001628280-26-006708,2026-02-10
interest_expense,2024,InterestExpenseNonoperating,0001628280-26-006708,2026-02-10
interest_expense,2025,InterestExpenseNonoperating,0001628280-26-006708,2026-02-10
interest_income,2012,InterestIncomeOther,0000950123-15-002527,2015-02-17
interest_income,2013,InterestIncomeOther,0000950123-16-013733,2016-02-09
interest_income,2014,InterestIncomeOther,0001564590-17-001142,2017-02-08
interest_income,2015,InterestIncomeOther,0000950123-18-001052,2018-02-08
interest_income,2016,InterestIncomeOther,0000950123-19-000989,2019-02-08
interest_income,2017,InterestIncomeOther,0000950123-20-001393,2020-02-11
interest_income,2018,InterestIncomeOther,0001564590-21-004857,2021-02-09
interest_income,2019,InterestIncomeOther,0000950170-22-001201,2022-02-14
interest_income,2020,InterestIncomeOther,0000950170-23-002558,2023-02-13
interest_income,2021,InterestIncomeOther,0000950170-24-014240,2024-02-13
interest_income,2022,InterestIncomeOther,0000950170-25-020763,2025-02-14
interest_income,2023,InterestIncomeOther,0001628280-26-006708,2026-02-10
interest_income,2024,InterestIncomeOther,0001628280-26-006708,2026-02-10
interest_income,2025,InterestIncomeOther,0001628280-26-006708,2026-02-10
interest_paid,2009,InterestPaidNet,0000950123-12-002512,2012-02-14
interest_paid,2010,InterestPaidNet,0000950123-13-000902,2013-02-12
interest_paid,2011,InterestPaidNet,0000950123-14-002054,2014-02-13
interest_paid,2012,InterestPaidNet,0000950123-15-002527,2015-02-17
interest_paid,2013,InterestPaidNet,0000950123-16-013733,2016-02-09
interest_paid,2014,InterestPaidNet,0001564590-17-001142,2017-02-08
interest_paid,2015,InterestPaidNet,0000950123-18-001052,2018-02-08
interest_paid,2016,InterestPaidNet,0000950123-19-000989,2019-02-08
interest_paid,2017,InterestPaidNet,0000950123-20-001393,2020-02-11
interest_paid,2018,InterestPaidNet,0001564590-21-004857,2021-02-09
interest_paid,2019,InterestPaidNet,0000950170-22-001201,2022-02-14
interest_paid,2020,InterestPaidNet,0000950170-23-002558,2023-02-13
interest_paid,2021,InterestPaidNet,0000950170-24-014240,2024-02-13
interest_paid,2022,InterestPaidNet,0000950170-25-020763,2025-02-14
interest_paid,2023,InterestPaidNet,0001628280-26-006708,2026-02-10
interest_paid,2024,InterestPaidNet,0001628280-26-006708,2026-02-10
interest_paid,2025,InterestPaidNet,0001628280-26-006708,2026-02-10
inventory,2009,InventoryNet,0000950123-11-011714,2011-02-10
inventory,2010,InventoryNet,0000950123-12-002512,2012-02-14
inventory,2011,InventoryNet,0000950123-13-000902,2013-02-12
inventory,2012,InventoryNet,0000950123-14-002054,2014-02-13
inventory,2013,InventoryNet,0000950123-15-002527,2015-02-17
inventory,2014,InventoryNet,0000950123-16-013733,2016-02-09
inventory,2015,InventoryNet,0001564590-17-001142,2017-02-08
inventory,2016,InventoryNet,0000950123-18-001052,2018-02-08
inventory,2017,InventoryNet,0000950123-19-000989,2019-02-08
inventory,2018,InventoryNet,0000950123-20-001393,2020-02-11
inventory,2019,InventoryNet,0001564590-21-004857,2021-02-09
inventory,2020,InventoryNet,0000950170-22-001201,2022-02-14
inventory,2021,InventoryNet,0000950170-23-002558,2023-02-13
inventory,2022,InventoryNet,0000950170-24-014240,2024-02-13
inventory,2023,InventoryNet,0000950170-25-020763,2025-02-14
inventory,2024,InventoryNet,0001628280-26-006708,2026-02-10
inventory,2025,InventoryNet,0001628280-26-006708,2026-02-10
inventory_change,2008,IncreaseDecreaseInInventories,0000950123-11-011714,2011-02-10
inventory_change,2009,IncreaseDecreaseInInventories,0000950123-12-002512,2012-02-14
inventory_change,2010,IncreaseDecreaseInInventories,0000950123-13-000902,2013-02-12
inventory_change,2011,IncreaseDecreaseInInventories,0000950123-14-002054,2014-02-13
inventory_change,2012,IncreaseDecreaseInInventories,0000950123-15-002527,2015-02-17
inventory_change,2013,IncreaseDecreaseInInventories,0000950123-16-013733,2016-02-09
inventory_change,2014,IncreaseDecreaseInInventories,0001564590-17-001142,2017-02-08
inventory_change,2015,IncreaseDecreaseInInventories,0000950123-18-001052,2018-02-08
inventory_change,2016,IncreaseDecreaseInInventories,0000950123-19-000989,2019-02-08
inventory_change,2017,IncreaseDecreaseInInventories,0000950123-20-001393,2020-02-11
inventory_change,2018,IncreaseDecreaseInInventories,0001564590-21-004857,2021-02-09
inventory_change,2019,IncreaseDecreaseInInventories,0000950170-22-001201,2022-02-14
inventory_change,2020,IncreaseDecreaseInInventories,0000950170-23-002558,2023-02-13
inventory_change,2021,IncreaseDecreaseInInventories,0000950170-24-014240,2024-02-13
inventory_change,2022,IncreaseDecreaseInInventories,0000950170-25-020763,2025-02-14
inventory_change,2023,IncreaseDecreaseInInventories,0001628280-26-006708,2026-02-10
inventory_change,2024,IncreaseDecreaseInInventories,0001628280-26-006708,2026-02-10
inventory_change,2025,IncreaseDecreaseInInventories,0001628280-26-006708,2026-02-10
ltd_current,2009,LongTermDebtAndCapitalLeaseObligationsCurrent,0000950123-11-011714,2011-02-10
ltd_current,2010,LongTermDebtAndCapitalLeaseObligationsCurrent,0000950123-12-002512,2012-02-14
ltd_current,2011,LongTermDebtAndCapitalLeaseObligationsCurrent,0000950123-13-000902,2013-02-12
ltd_current,2012,LongTermDebtAndCapitalLeaseObligationsCurrent,0000950123-14-002054,2014-02-13
ltd_current,2013,LongTermDebtAndCapitalLeaseObligationsCurrent,0000950123-15-002527,2015-02-17
ltd_current,2014,LongTermDebtAndCapitalLeaseObligationsCurrent,0000950123-16-013733,2016-02-09
ltd_current,2015,LongTermDebtAndCapitalLeaseObligationsCurrent,0001564590-17-001142,2017-02-08
ltd_current,2016,LongTermDebtAndCapitalLeaseObligationsCurrent,0001564590-17-001142,2017-02-08
ltd_current,2018,LongTermDebtAndCapitalLeaseObligationsCurrent,0000950123-20-001393,2020-02-11
ltd_current,2019,LongTermDebtAndCapitalLeaseObligationsCurrent,0001564590-21-004857,2021-02-09
ltd_current,2020,LongTermDebtAndCapitalLeaseObligationsCurrent,0000950170-22-001201,2022-02-14
ltd_current,2021,LongTermDebtAndCapitalLeaseObligationsCurrent,0000950170-23-002558,2023-02-13
ltd_current,2022,LongTermDebtAndCapitalLeaseObligationsCurrent,0000950170-24-014240,2024-02-13
ltd_current,2023,LongTermDebtAndCapitalLeaseObligationsCurrent,0000950170-25-020763,2025-02-14
ltd_current,2024,LongTermDebtAndCapitalLeaseObligationsCurrent,0001628280-26-006708,2026-02-10
ltd_current,2025,LongTermDebtAndCapitalLeaseObligationsCurrent,0001628280-26-006708,2026-02-10
ltd_noncurrent,2009,LongTermDebtAndCapitalLeaseObligations,0000950123-11-011714,2011-02-10
ltd_noncurrent,2010,LongTermDebtAndCapitalLeaseObligations,0000950123-12-002512,2012-02-14
ltd_noncurrent,2011,LongTermDebtAndCapitalLeaseObligations,0000950123-13-000902,2013-02-12
ltd_noncurrent,2012,LongTermDebtAndCapitalLeaseObligations,0000950123-14-002054,2014-02-13
ltd_noncurrent,2013,LongTermDebtAndCapitalLeaseObligations,0000950123-15-002527,2015-02-17
ltd_noncurrent,2014,LongTermDebtAndCapitalLeaseObligations,0000950123-16-013733,2016-02-09
ltd_noncurrent,2015,LongTermDebtAndCapitalLeaseObligations,0001564590-17-001142,2017-02-08
ltd_noncurrent,2016,LongTermDebtAndCapitalLeaseObligations,0000950123-18-001052,2018-02-08
ltd_noncurrent,2017,LongTermDebtAndCapitalLeaseObligations,0000950123-19-000989,2019-02-08
ltd_noncurrent,2018,LongTermDebtAndCapitalLeaseObligations,0000950123-20-001393,2020-02-11
ltd_noncurrent,2019,LongTermDebtAndCapitalLeaseObligations,0001564590-21-004857,2021-02-09
ltd_noncurrent,2020,LongTermDebtAndCapitalLeaseObligations,0000950170-22-001201,2022-02-14
ltd_noncurrent,2021,LongTermDebtAndCapitalLeaseObligations,0000950170-23-002558,2023-02-13
ltd_noncurrent,2022,LongTermDebtAndCapitalLeaseObligations,0000950170-24-014240,2024-02-13
ltd_noncurrent,2023,LongTermDebtAndCapitalLeaseObligations,0000950170-25-020763,2025-02-14
ltd_noncurrent,2024,LongTermDebtAndCapitalLeaseObligations,0001628280-26-006708,2026-02-10
ltd_noncurrent,2025,LongTermDebtAndCapitalLeaseObligations,0001628280-26-006708,2026-02-10
nci,2009,MinorityInterest,0000950123-11-011714,2011-02-10
nci,2010,MinorityInterest,0000950123-12-002512,2012-02-14
nci,2011,MinorityInterest,0000950123-13-000902,2013-02-12
nci,2012,MinorityInterest,0000950123-14-002054,2014-02-13
nci,2013,MinorityInterest,0000950123-15-002527,2015-02-17
nci,2014,MinorityInterest,0000950123-16-013733,2016-02-09
nci,2015,MinorityInterest,0001564590-17-001142,2017-02-08
nci,2016,MinorityInterest,0000950123-18-001052,2018-02-08
nci,2017,MinorityInterest,0000950123-19-000989,2019-02-08
nci,2018,MinorityInterest,0000950123-20-001393,2020-02-11
nci,2019,MinorityInterest,0001564590-21-004857,2021-02-09
nci,2020,MinorityInterest,0000950170-22-001201,2022-02-14
nci,2021,MinorityInterest,0000950170-23-002558,2023-02-13
nci,2022,MinorityInterest,0000950170-24-014240,2024-02-13
nci,2023,MinorityInterest,0000950170-25-020763,2025-02-14
nci,2024,MinorityInterest,0001628280-26-006708,2026-02-10
nci,2025,MinorityInterest,0001628280-26-006708,2026-02-10
nci_income,2008,NetIncomeLossAttributableToNoncontrollingInterest,0000950123-11-011714,2011-02-10
nci_income,2009,NetIncomeLossAttributableToNoncontrollingInterest,0000950123-12-002512,2012-02-14
nci_income,2010,NetIncomeLossAttributableToNoncontrollingInterest,0000950123-13-000902,2013-02-12
nci_income,2011,NetIncomeLossAttributableToNoncontrollingInterest,0000950123-14-002054,2014-02-13
nci_income,2012,NetIncomeLossAttributableToNoncontrollingInterest,0000950123-15-002527,2015-02-17
nci_income,2013,NetIncomeLossAttributableToNoncontrollingInterest,0000950123-16-013733,2016-02-09
nci_income,2014,NetIncomeLossAttributableToNoncontrollingInterest,0001564590-17-001142,2017-02-08
nci_income,2015,NetIncomeLossAttributableToNoncontrollingInterest,0000950123-18-001052,2018-02-08
nci_income,2016,NetIncomeLossAttributableToNoncontrollingInterest,0000950123-19-000989,2019-02-08
nci_income,2017,NetIncomeLossAttributableToNoncontrollingInterest,0000950123-20-001393,2020-02-11
nci_income,2018,NetIncomeLossAttributableToNoncontrollingInterest,0001564590-21-004857,2021-02-09
nci_income,2019,NetIncomeLossAttributableToNoncontrollingInterest,0000950170-22-001201,2022-02-14
nci_income,2020,NetIncomeLossAttributableToNoncontrollingInterest,0000950170-23-002558,2023-02-13
nci_income,2021,NetIncomeLossAttributableToNoncontrollingInterest,0000950170-24-014240,2024-02-13
nci_income,2022,NetIncomeLossAttributableToNoncontrollingInterest,0000950170-25-020763,2025-02-14
nci_income,2023,NetIncomeLossAttributableToNoncontrollingInterest,0001628280-26-006708,2026-02-10
nci_income,2024,NetIncomeLossAttributableToNoncontrollingInterest,0001628280-26-006708,2026-02-10
nci_income,2025,NetIncomeLossAttributableToNoncontrollingInterest,0001628280-26-006708,2026-02-10
net_income,2008,NetIncomeLoss,0000950123-11-011714,2011-02-10
net_income,2009,NetIncomeLoss,0000950123-12-002512,2012-02-14
net_income,2010,NetIncomeLoss,0000950123-13-000902,2013-02-12
net_income,2011,NetIncomeLoss,0000950123-14-002054,2014-02-13
net_income,2012,NetIncomeLoss,0000950123-15-002527,2015-02-17
net_income,2013,NetIncomeLoss,0000950123-16-013733,2016-02-09
net_income,2014,NetIncomeLoss,0001564590-17-001142,2017-02-08
net_income,2015,NetIncomeLoss,0000950123-18-001052,2018-02-08
net_income,2016,NetIncomeLoss,0000950123-19-000989,2019-02-08
net_income,2017,NetIncomeLoss,0000950123-20-001393,2020-02-11
net_income,2018,NetIncomeLoss,0001564590-21-004857,2021-02-09
net_income,2019,NetIncomeLoss,0000950170-22-001201,2022-02-14
net_income,2020,NetIncomeLoss,0000950170-23-002558,2023-02-13
net_income,2021,NetIncomeLoss,0000950170-24-014240,2024-02-13
net_income,2022,NetIncomeLoss,0000950170-25-020763,2025-02-14
net_income,2023,NetIncomeLoss,0001628280-26-006708,2026-02-10
net_income,2024,NetIncomeLoss,0001628280-26-006708,2026-02-10
net_income,2025,NetIncomeLoss,0001628280-26-006708,2026-02-10
net_income_incl_nci,2008,ProfitLoss,0000950123-11-011714,2011-02-10
net_income_incl_nci,2009,ProfitLoss,0000950123-12-002512,2012-02-14
net_income_incl_nci,2010,ProfitLoss,0000950123-13-000902,2013-02-12
net_income_incl_nci,2011,ProfitLoss,0000950123-14-002054,2014-02-13
net_income_incl_nci,2012,ProfitLoss,0000950123-15-002527,2015-02-17
net_income_incl_nci,2013,ProfitLoss,0000950123-16-013733,2016-02-09
net_income_incl_nci,2014,ProfitLoss,0001564590-17-001142,2017-02-08
net_income_incl_nci,2015,ProfitLoss,0000950123-18-001052,2018-02-08
net_income_incl_nci,2016,ProfitLoss,0000950123-19-000989,2019-02-08
net_income_incl_nci,2017,ProfitLoss,0000950123-20-001393,2020-02-11
net_income_incl_nci,2018,ProfitLoss,0001564590-21-004857,2021-02-09
net_income_incl_nci,2019,ProfitLoss,0000950170-22-001201,2022-02-14
net_income_incl_nci,2020,ProfitLoss,0000950170-23-002558,2023-02-13
net_income_incl_nci,2021,ProfitLoss,0000950170-24-014240,2024-02-13
net_income_incl_nci,2022,ProfitLoss,0000950170-25-020763,2025-02-14
net_income_incl_nci,2023,ProfitLoss,0001628280-26-006708,2026-02-10
net_income_incl_nci,2024,ProfitLoss,0001628280-26-006708,2026-02-10
net_income_incl_nci,2025,ProfitLoss,0001628280-26-006708,2026-02-10
op_lease_cost,2018,OperatingLeaseCost,0001564590-21-004857,2021-02-09
op_lease_cost,2019,OperatingLeaseCost,0000950170-22-001201,2022-02-14
op_lease_cost,2020,OperatingLeaseCost,0000950170-23-002558,2023-02-13
op_lease_cost,2021,OperatingLeaseCost,0000950170-24-014240,2024-02-13
op_lease_cost,2022,OperatingLeaseCost,0000950170-25-020763,2025-02-14
op_lease_cost,2023,OperatingLeaseCost,0001628280-26-006708,2026-02-10
op_lease_cost,2024,OperatingLeaseCost,0001628280-26-006708,2026-02-10
op_lease_cost,2025,OperatingLeaseCost,0001628280-26-006708,2026-02-10
op_lease_liab_cur,2018,OperatingLeaseLiabilityCurrent,0000950123-20-001393,2020-02-11
op_lease_liab_cur,2019,OperatingLeaseLiabilityCurrent,0001564590-21-004857,2021-02-09
op_lease_liab_cur,2020,OperatingLeaseLiabilityCurrent,0000950170-22-001201,2022-02-14
op_lease_liab_cur,2021,OperatingLeaseLiabilityCurrent,0000950170-23-002558,2023-02-13
op_lease_liab_cur,2022,OperatingLeaseLiabilityCurrent,0000950170-24-014240,2024-02-13
op_lease_liab_cur,2023,OperatingLeaseLiabilityCurrent,0000950170-25-020763,2025-02-14
op_lease_liab_cur,2024,OperatingLeaseLiabilityCurrent,0001628280-26-006708,2026-02-10
op_lease_liab_cur,2025,OperatingLeaseLiabilityCurrent,0001628280-26-006708,2026-02-10
op_lease_liab_noncur,2018,OperatingLeaseLiabilityNoncurrent,0000950123-20-001393,2020-02-11
op_lease_liab_noncur,2019,OperatingLeaseLiabilityNoncurrent,0001564590-21-004857,2021-02-09
op_lease_liab_noncur,2020,OperatingLeaseLiabilityNoncurrent,0000950170-22-001201,2022-02-14
op_lease_liab_noncur,2021,OperatingLeaseLiabilityNoncurrent,0000950170-23-002558,2023-02-13
op_lease_liab_noncur,2022,OperatingLeaseLiabilityNoncurrent,0000950170-24-014240,2024-02-13
op_lease_liab_noncur,2023,OperatingLeaseLiabilityNoncurrent,0000950170-25-020763,2025-02-14
op_lease_liab_noncur,2024,OperatingLeaseLiabilityNoncurrent,0001628280-26-006708,2026-02-10
op_lease_liab_noncur,2025,OperatingLeaseLiabilityNoncurrent,0001628280-26-006708,2026-02-10
op_lease_rou,2018,OperatingLeaseRightOfUseAsset,0000950123-20-001393,2020-02-11
op_lease_rou,2019,OperatingLeaseRightOfUseAsset,0001564590-21-004857,2021-02-09
op_lease_rou,2020,OperatingLeaseRightOfUseAsset,0000950170-22-001201,2022-02-14
op_lease_rou,2021,OperatingLeaseRightOfUseAsset,0000950170-23-002558,2023-02-13
op_lease_rou,2022,OperatingLeaseRightOfUseAsset,0000950170-24-014240,2024-02-13
op_lease_rou,2023,OperatingLeaseRightOfUseAsset,0000950170-25-020763,2025-02-14
op_lease_rou,2024,OperatingLeaseRightOfUseAsset,0001628280-26-006708,2026-02-10
op_lease_rou,2025,OperatingLeaseRightOfUseAsset,0001628280-26-006708,2026-02-10
other_nonop,2008,OtherNonoperatingIncomeExpense,0000950123-11-011714,2011-02-10
other_nonop,2009,OtherNonoperatingIncomeExpense,0000950123-12-002512,2012-02-14
other_nonop,2010,OtherNonoperatingIncomeExpense,0000950123-13-000902,2013-02-12
other_nonop,2011,OtherNonoperatingIncomeExpense,0000950123-14-002054,2014-02-13
other_nonop,2012,OtherNonoperatingIncomeExpense,0000950123-15-002527,2015-02-17
other_nonop,2013,OtherNonoperatingIncomeExpense,0000950123-16-013733,2016-02-09
other_nonop,2014,OtherNonoperatingIncomeExpense,0001564590-17-001142,2017-02-08
other_nonop,2015,OtherNonoperatingIncomeExpense,0000950123-18-001052,2018-02-08
other_nonop,2016,OtherNonoperatingIncomeExpense,0000950123-19-000989,2019-02-08
other_nonop,2017,OtherNonoperatingIncomeExpense,0000950123-20-001393,2020-02-11
other_nonop,2018,OtherNonoperatingIncomeExpense,0001564590-21-004857,2021-02-09
other_nonop,2019,OtherNonoperatingIncomeExpense,0000950170-22-001201,2022-02-14
other_nonop,2020,OtherNonoperatingIncomeExpense,0000950170-23-002558,2023-02-13
other_nonop,2021,OtherNonoperatingIncomeExpense,0000950170-24-014240,2024-02-13
other_nonop,2022,OtherNonoperatingIncomeExpense,0000950170-25-020763,2025-02-14
other_nonop,2023,OtherNonoperatingIncomeExpense,0001628280-26-006708,2026-02-10
other_nonop,2024,OtherNonoperatingIncomeExpense,0001628280-26-006708,2026-02-10
other_nonop,2025,OtherNonoperatingIncomeExpense,0001628280-26-006708,2026-02-10
pension_expense,2021,PensionExpense,0000950170-24-014240,2024-02-13
pension_expense,2022,PensionExpense,0000950170-25-020763,2025-02-14
pension_expense,2023,PensionExpense,0001628280-26-006708,2026-02-10
pension_expense,2024,PensionExpense,0001628280-26-006708,2026-02-10
pension_expense,2025,PensionExpense,0001628280-26-006708,2026-02-10
pension_liab_noncur,2010,PensionAndOtherPostretirementDefinedBenefitPlansLiabilitiesNoncurrent,0000950123-12-002512,2012-02-14
pension_liab_noncur,2011,PensionAndOtherPostretirementDefinedBenefitPlansLiabilitiesNoncurrent,0000950123-13-000902,2013-02-12
pension_liab_noncur,2012,PensionAndOtherPostretirementDefinedBenefitPlansLiabilitiesNoncurrent,0000950123-14-002054,2014-02-13
pension_liab_noncur,2013,PensionAndOtherPostretirementDefinedBenefitPlansLiabilitiesNoncurrent,0000950123-15-002527,2015-02-17
pension_liab_noncur,2014,PensionAndOtherPostretirementDefinedBenefitPlansLiabilitiesNoncurrent,0000950123-16-013733,2016-02-09
pension_liab_noncur,2015,PensionAndOtherPostretirementDefinedBenefitPlansLiabilitiesNoncurrent,0001564590-17-001142,2017-02-08
pension_liab_noncur,2016,PensionAndOtherPostretirementDefinedBenefitPlansLiabilitiesNoncurrent,0000950123-18-001052,2018-02-08
pension_liab_noncur,2017,PensionAndOtherPostretirementDefinedBenefitPlansLiabilitiesNoncurrent,0000950123-19-000989,2019-02-08
pension_liab_noncur,2018,PensionAndOtherPostretirementDefinedBenefitPlansLiabilitiesNoncurrent,0000950123-20-001393,2020-02-11
pension_liab_noncur,2019,PensionAndOtherPostretirementDefinedBenefitPlansLiabilitiesNoncurrent,0001564590-21-004857,2021-02-09
pension_liab_noncur,2020,PensionAndOtherPostretirementDefinedBenefitPlansLiabilitiesNoncurrent,0000950170-22-001201,2022-02-14
pension_liab_noncur,2021,PensionAndOtherPostretirementDefinedBenefitPlansLiabilitiesNoncurrent,0000950170-23-002558,2023-02-13
pension_liab_noncur,2022,PensionAndOtherPostretirementDefinedBenefitPlansLiabilitiesNoncurrent,0000950170-24-014240,2024-02-13
pension_liab_noncur,2023,PensionAndOtherPostretirementDefinedBenefitPlansLiabilitiesNoncurrent,0000950170-25-020763,2025-02-14
pension_liab_noncur,2024,PensionAndOtherPostretirementDefinedBenefitPlansLiabilitiesNoncurrent,0001628280-26-006708,2026-02-10
pension_liab_noncur,2025,PensionAndOtherPostretirementDefinedBenefitPlansLiabilitiesNoncurrent,0001628280-26-006708,2026-02-10
ppe_net,2009,PropertyPlantAndEquipmentNet,0000950123-11-011714,2011-02-10
ppe_net,2010,PropertyPlantAndEquipmentNet,0000950123-12-002512,2012-02-14
ppe_net,2011,PropertyPlantAndEquipmentNet,0000950123-13-000902,2013-02-12
ppe_net,2012,PropertyPlantAndEquipmentNet,0000950123-14-002054,2014-02-13
ppe_net,2013,PropertyPlantAndEquipmentNet,0000950123-15-002527,2015-02-17
ppe_net,2014,PropertyPlantAndEquipmentNet,0000950123-16-013733,2016-02-09
ppe_net,2015,PropertyPlantAndEquipmentNet,0001564590-17-001142,2017-02-08
ppe_net,2016,PropertyPlantAndEquipmentNet,0000950123-18-001052,2018-02-08
ppe_net,2017,PropertyPlantAndEquipmentNet,0000950123-19-000989,2019-02-08
ppe_net,2018,PropertyPlantAndEquipmentNet,0000950123-20-001393,2020-02-11
ppe_net,2019,PropertyPlantAndEquipmentAndFinanceLeaseRightOfUseAssetAfterAccumulatedDepreciationAndAmortization,0001564590-21-004857,2021-02-09
ppe_net,2020,PropertyPlantAndEquipmentAndFinanceLeaseRightOfUseAssetAfterAccumulatedDepreciationAndAmortization,0000950170-22-001201,2022-02-14
ppe_net,2021,PropertyPlantAndEquipmentAndFinanceLeaseRightOfUseAssetAfterAccumulatedDepreciationAndAmortization,0000950170-23-002558,2023-02-13
ppe_net,2022,PropertyPlantAndEquipmentAndFinanceLeaseRightOfUseAssetAfterAccumulatedDepreciationAndAmortization,0000950170-24-014240,2024-02-13
ppe_net,2023,PropertyPlantAndEquipmentAndFinanceLeaseRightOfUseAssetAfterAccumulatedDepreciationAndAmortization,0000950170-25-020763,2025-02-14
ppe_net,2024,PropertyPlantAndEquipmentAndFinanceLeaseRightOfUseAssetAfterAccumulatedDepreciationAndAmortization,0001628280-26-006708,2026-02-10
ppe_net,2025,PropertyPlantAndEquipmentAndFinanceLeaseRightOfUseAssetAfterAccumulatedDepreciationAndAmortization,0001628280-26-006708,2026-02-10
pretax_domestic,2013,IncomeLossFromContinuingOperationsBeforeIncomeTaxesDomestic,0000950123-16-013733,2016-02-09
pretax_domestic,2014,IncomeLossFromContinuingOperationsBeforeIncomeTaxesDomestic,0001564590-17-001142,2017-02-08
pretax_domestic,2015,IncomeLossFromContinuingOperationsBeforeIncomeTaxesDomestic,0000950123-18-001052,2018-02-08
pretax_domestic,2016,IncomeLossFromContinuingOperationsBeforeIncomeTaxesDomestic,0000950123-19-000989,2019-02-08
pretax_domestic,2017,IncomeLossFromContinuingOperationsBeforeIncomeTaxesDomestic,0000950123-20-001393,2020-02-11
pretax_domestic,2018,IncomeLossFromContinuingOperationsBeforeIncomeTaxesDomestic,0001564590-21-004857,2021-02-09
pretax_domestic,2019,IncomeLossFromContinuingOperationsBeforeIncomeTaxesDomestic,0000950170-22-001201,2022-02-14
pretax_domestic,2020,IncomeLossFromContinuingOperationsBeforeIncomeTaxesDomestic,0000950170-23-002558,2023-02-13
pretax_domestic,2021,IncomeLossFromContinuingOperationsBeforeIncomeTaxesDomestic,0000950170-24-014240,2024-02-13
pretax_domestic,2022,IncomeLossFromContinuingOperationsBeforeIncomeTaxesDomestic,0000950170-25-020763,2025-02-14
pretax_domestic,2023,IncomeLossFromContinuingOperationsBeforeIncomeTaxesDomestic,0001628280-26-006708,2026-02-10
pretax_domestic,2024,IncomeLossFromContinuingOperationsBeforeIncomeTaxesDomestic,0001628280-26-006708,2026-02-10
pretax_domestic,2025,IncomeLossFromContinuingOperationsBeforeIncomeTaxesDomestic,0001628280-26-006708,2026-02-10
pretax_foreign,2013,IncomeLossFromContinuingOperationsBeforeIncomeTaxesForeign,0000950123-16-013733,2016-02-09
pretax_foreign,2014,IncomeLossFromContinuingOperationsBeforeIncomeTaxesForeign,0001564590-17-001142,2017-02-08
pretax_foreign,2015,IncomeLossFromContinuingOperationsBeforeIncomeTaxesForeign,0000950123-18-001052,2018-02-08
pretax_foreign,2016,IncomeLossFromContinuingOperationsBeforeIncomeTaxesForeign,0000950123-19-000989,2019-02-08
pretax_foreign,2017,IncomeLossFromContinuingOperationsBeforeIncomeTaxesForeign,0000950123-20-001393,2020-02-11
pretax_foreign,2018,IncomeLossFromContinuingOperationsBeforeIncomeTaxesForeign,0001564590-21-004857,2021-02-09
pretax_foreign,2019,IncomeLossFromContinuingOperationsBeforeIncomeTaxesForeign,0000950170-22-001201,2022-02-14
pretax_foreign,2020,IncomeLossFromContinuingOperationsBeforeIncomeTaxesForeign,0000950170-23-002558,2023-02-13
pretax_foreign,2021,IncomeLossFromContinuingOperationsBeforeIncomeTaxesForeign,0000950170-24-014240,2024-02-13
pretax_foreign,2022,IncomeLossFromContinuingOperationsBeforeIncomeTaxesForeign,0000950170-25-020763,2025-02-14
pretax_foreign,2023,IncomeLossFromContinuingOperationsBeforeIncomeTaxesForeign,0001628280-26-006708,2026-02-10
pretax_foreign,2024,IncomeLossFromContinuingOperationsBeforeIncomeTaxesForeign,0001628280-26-006708,2026-02-10
pretax_foreign,2025,IncomeLossFromContinuingOperationsBeforeIncomeTaxesForeign,0001628280-26-006708,2026-02-10
pretax_income,2008,IncomeLossFromContinuingOperationsBeforeIncomeTaxesMinorityInterestAndIncomeLossFromEquityMethodInvestments,0000950123-11-011714,2011-02-10
pretax_income,2009,IncomeLossFromContinuingOperationsBeforeIncomeTaxesExtraordinaryItemsNoncontrollingInterest,0000950123-12-002512,2012-02-14
pretax_income,2010,IncomeLossFromContinuingOperationsBeforeIncomeTaxesExtraordinaryItemsNoncontrollingInterest,0000950123-13-000902,2013-02-12
pretax_income,2011,IncomeLossFromContinuingOperationsBeforeIncomeTaxesExtraordinaryItemsNoncontrollingInterest,0000950123-14-002054,2014-02-13
pretax_income,2012,IncomeLossFromContinuingOperationsBeforeIncomeTaxesExtraordinaryItemsNoncontrollingInterest,0000950123-15-002527,2015-02-17
pretax_income,2013,IncomeLossFromContinuingOperationsBeforeIncomeTaxesExtraordinaryItemsNoncontrollingInterest,0000950123-16-013733,2016-02-09
pretax_income,2014,IncomeLossFromContinuingOperationsBeforeIncomeTaxesExtraordinaryItemsNoncontrollingInterest,0001564590-17-001142,2017-02-08
pretax_income,2015,IncomeLossFromContinuingOperationsBeforeIncomeTaxesExtraordinaryItemsNoncontrollingInterest,0000950123-18-001052,2018-02-08
pretax_income,2016,IncomeLossFromContinuingOperationsBeforeIncomeTaxesExtraordinaryItemsNoncontrollingInterest,0000950123-19-000989,2019-02-08
pretax_income,2017,IncomeLossFromContinuingOperationsBeforeIncomeTaxesExtraordinaryItemsNoncontrollingInterest,0000950123-20-001393,2020-02-11
pretax_income,2018,IncomeLossFromContinuingOperationsBeforeIncomeTaxesExtraordinaryItemsNoncontrollingInterest,0001564590-21-004857,2021-02-09
pretax_income,2019,IncomeLossFromContinuingOperationsBeforeIncomeTaxesExtraordinaryItemsNoncontrollingInterest,0000950170-22-001201,2022-02-14
pretax_income,2020,IncomeLossFromContinuingOperationsBeforeIncomeTaxesExtraordinaryItemsNoncontrollingInterest,0000950170-23-002558,2023-02-13
pretax_income,2021,IncomeLossFromContinuingOperationsBeforeIncomeTaxesExtraordinaryItemsNoncontrollingInterest,0000950170-24-014240,2024-02-13
pretax_income,2022,IncomeLossFromContinuingOperationsBeforeIncomeTaxesExtraordinaryItemsNoncontrollingInterest,0000950170-25-020763,2025-02-14
pretax_income,2023,IncomeLossFromContinuingOperationsBeforeIncomeTaxesExtraordinaryItemsNoncontrollingInterest,0001628280-26-006708,2026-02-10
pretax_income,2024,IncomeLossFromContinuingOperationsBeforeIncomeTaxesExtraordinaryItemsNoncontrollingInterest,0001628280-26-006708,2026-02-10
pretax_income,2025,IncomeLossFromContinuingOperationsBeforeIncomeTaxesExtraordinaryItemsNoncontrollingInterest,0001628280-26-006708,2026-02-10
rationalizations,2008,RestructuringCharges,0000950123-11-011714,2011-02-10
rationalizations,2009,RestructuringCharges,0000950123-12-002512,2012-02-14
rationalizations,2010,RestructuringCharges,0000950123-13-000902,2013-02-12
rationalizations,2011,RestructuringCharges,0000950123-14-002054,2014-02-13
rationalizations,2012,RestructuringCharges,0000950123-15-002527,2015-02-17
rationalizations,2013,RestructuringCharges,0000950123-16-013733,2016-02-09
rationalizations,2014,RestructuringCharges,0001564590-17-001142,2017-02-08
rationalizations,2015,RestructuringCharges,0000950123-18-001052,2018-02-08
rationalizations,2016,RestructuringCharges,0000950123-19-000989,2019-02-08
rationalizations,2017,RestructuringCharges,0000950123-20-001393,2020-02-11
rationalizations,2018,RestructuringCharges,0001564590-21-004857,2021-02-09
rationalizations,2019,RestructuringCharges,0000950170-22-001201,2022-02-14
rationalizations,2020,RestructuringCharges,0000950170-23-002558,2023-02-13
rationalizations,2021,RestructuringCharges,0000950170-24-014240,2024-02-13
rationalizations,2022,RestructuringCharges,0000950170-25-020763,2025-02-14
rationalizations,2023,RestructuringCharges,0001628280-26-006708,2026-02-10
rationalizations,2024,RestructuringCharges,0001628280-26-006708,2026-02-10
rationalizations,2025,RestructuringCharges,0001628280-26-006708,2026-02-10
receivables,2009,AccountsReceivableNetCurrent,0000950123-11-011714,2011-02-10
receivables,2010,AccountsReceivableNetCurrent,0000950123-12-002512,2012-02-14
receivables,2011,AccountsReceivableNetCurrent,0000950123-13-000902,2013-02-12
receivables,2012,AccountsReceivableNetCurrent,0000950123-14-002054,2014-02-13
receivables,2013,AccountsReceivableNetCurrent,0000950123-15-002527,2015-02-17
receivables,2014,AccountsReceivableNetCurrent,0000950123-16-013733,2016-02-09
receivables,2015,AccountsReceivableNetCurrent,0001564590-17-001142,2017-02-08
receivables,2016,AccountsReceivableNetCurrent,0000950123-18-001052,2018-02-08
receivables,2017,AccountsReceivableNetCurrent,0000950123-19-000989,2019-02-08
receivables,2018,AccountsReceivableNetCurrent,0000950123-20-001393,2020-02-11
receivables,2019,AccountsReceivableNetCurrent,0001564590-21-004857,2021-02-09
receivables,2020,AccountsReceivableNetCurrent,0000950170-22-001201,2022-02-14
receivables,2021,AccountsReceivableNetCurrent,0000950170-23-002558,2023-02-13
receivables,2022,AccountsReceivableNetCurrent,0000950170-24-014240,2024-02-13
receivables,2023,AccountsReceivableNetCurrent,0000950170-25-020763,2025-02-14
receivables,2024,AccountsReceivableNetCurrent,0001628280-26-006708,2026-02-10
receivables,2025,AccountsReceivableNetCurrent,0001628280-26-006708,2026-02-10
restructuring_paid,2008,PaymentsForRestructuring,0000950123-11-011714,2011-02-10
restructuring_paid,2009,PaymentsForRestructuring,0000950123-12-002512,2012-02-14
restructuring_paid,2010,PaymentsForRestructuring,0000950123-13-000902,2013-02-12
restructuring_paid,2011,PaymentsForRestructuring,0000950123-14-002054,2014-02-13
restructuring_paid,2012,PaymentsForRestructuring,0000950123-15-002527,2015-02-17
restructuring_paid,2013,PaymentsForRestructuring,0000950123-16-013733,2016-02-09
restructuring_paid,2014,PaymentsForRestructuring,0001564590-17-001142,2017-02-08
restructuring_paid,2015,PaymentsForRestructuring,0000950123-18-001052,2018-02-08
restructuring_paid,2016,PaymentsForRestructuring,0000950123-19-000989,2019-02-08
restructuring_paid,2017,PaymentsForRestructuring,0000950123-20-001393,2020-02-11
restructuring_paid,2018,PaymentsForRestructuring,0001564590-21-004857,2021-02-09
restructuring_paid,2019,PaymentsForRestructuring,0000950170-22-001201,2022-02-14
restructuring_paid,2020,PaymentsForRestructuring,0000950170-23-002558,2023-02-13
restructuring_paid,2021,PaymentsForRestructuring,0000950170-24-014240,2024-02-13
restructuring_paid,2022,PaymentsForRestructuring,0000950170-25-020763,2025-02-14
restructuring_paid,2023,PaymentsForRestructuring,0001628280-26-006708,2026-02-10
restructuring_paid,2024,PaymentsForRestructuring,0001628280-26-006708,2026-02-10
restructuring_paid,2025,PaymentsForRestructuring,0001628280-26-006708,2026-02-10
retained_earnings,2009,RetainedEarningsAccumulatedDeficit,0000950123-11-011714,2011-02-10
retained_earnings,2010,RetainedEarningsAccumulatedDeficit,0000950123-12-002512,2012-02-14
retained_earnings,2011,RetainedEarningsAccumulatedDeficit,0000950123-13-000902,2013-02-12
retained_earnings,2012,RetainedEarningsAccumulatedDeficit,0000950123-14-002054,2014-02-13
retained_earnings,2013,RetainedEarningsAccumulatedDeficit,0000950123-15-002527,2015-02-17
retained_earnings,2014,RetainedEarningsAccumulatedDeficit,0000950123-16-013733,2016-02-09
retained_earnings,2015,RetainedEarningsAccumulatedDeficit,0001564590-17-001142,2017-02-08
retained_earnings,2016,RetainedEarningsAccumulatedDeficit,0000950123-18-001052,2018-02-08
retained_earnings,2017,RetainedEarningsAccumulatedDeficit,0000950123-19-000989,2019-02-08
retained_earnings,2018,RetainedEarningsAccumulatedDeficit,0000950123-20-001393,2020-02-11
retained_earnings,2019,RetainedEarningsAccumulatedDeficit,0001564590-21-004857,2021-02-09
retained_earnings,2020,RetainedEarningsAccumulatedDeficit,0000950170-22-001201,2022-02-14
retained_earnings,2021,RetainedEarningsAccumulatedDeficit,0000950170-23-002558,2023-02-13
retained_earnings,2022,RetainedEarningsAccumulatedDeficit,0000950170-24-014240,2024-02-13
retained_earnings,2023,RetainedEarningsAccumulatedDeficit,0000950170-25-020763,2025-02-14
retained_earnings,2024,RetainedEarningsAccumulatedDeficit,0001628280-26-006708,2026-02-10
retained_earnings,2025,RetainedEarningsAccumulatedDeficit,0001628280-26-006708,2026-02-10
revenue,2008,SalesRevenueGoodsNet,0000950123-11-011714,2011-02-10
revenue,2009,SalesRevenueGoodsNet,0000950123-12-002512,2012-02-14
revenue,2010,SalesRevenueGoodsNet,0000950123-13-000902,2013-02-12
revenue,2011,SalesRevenueGoodsNet,0000950123-14-002054,2014-02-13
revenue,2012,SalesRevenueGoodsNet,0000950123-15-002527,2015-02-17
revenue,2013,SalesRevenueGoodsNet,0000950123-16-013733,2016-02-09
revenue,2014,SalesRevenueGoodsNet,0001564590-17-001142,2017-02-08
revenue,2015,SalesRevenueGoodsNet,0000950123-18-001052,2018-02-08
revenue,2016,RevenueFromContractWithCustomerExcludingAssessedTax,0000950123-19-000989,2019-02-08
revenue,2017,RevenueFromContractWithCustomerExcludingAssessedTax,0000950123-20-001393,2020-02-11
revenue,2018,RevenueFromContractWithCustomerExcludingAssessedTax,0001564590-21-004857,2021-02-09
revenue,2019,RevenueFromContractWithCustomerExcludingAssessedTax,0000950170-22-001201,2022-02-14
revenue,2020,RevenueFromContractWithCustomerExcludingAssessedTax,0000950170-23-002558,2023-02-13
revenue,2021,RevenueFromContractWithCustomerExcludingAssessedTax,0000950170-24-014240,2024-02-13
revenue,2022,RevenueFromContractWithCustomerExcludingAssessedTax,0000950170-25-020763,2025-02-14
revenue,2023,RevenueFromContractWithCustomerExcludingAssessedTax,0001628280-26-006708,2026-02-10
revenue,2024,RevenueFromContractWithCustomerExcludingAssessedTax,0001628280-26-006708,2026-02-10
revenue,2025,RevenueFromContractWithCustomerExcludingAssessedTax,0001628280-26-006708,2026-02-10
rnd,2009,ResearchAndDevelopmentExpense,0000950123-12-002512,2012-02-14
rnd,2010,ResearchAndDevelopmentExpense,0000950123-13-000902,2013-02-12
rnd,2011,ResearchAndDevelopmentExpense,0000950123-14-002054,2014-02-13
rnd,2012,ResearchAndDevelopmentExpense,0000950123-15-002527,2015-02-17
rnd,2013,ResearchAndDevelopmentExpense,0000950123-16-013733,2016-02-09
rnd,2014,ResearchAndDevelopmentExpense,0001564590-17-001142,2017-02-08
rnd,2015,ResearchAndDevelopmentExpense,0000950123-18-001052,2018-02-08
rnd,2016,ResearchAndDevelopmentExpense,0000950123-19-000989,2019-02-08
rnd,2017,ResearchAndDevelopmentExpense,0000950123-20-001393,2020-02-11
rnd,2018,ResearchAndDevelopmentExpense,0001564590-21-004857,2021-02-09
rnd,2019,ResearchAndDevelopmentExpense,0000950170-22-001201,2022-02-14
rnd,2020,ResearchAndDevelopmentExpense,0000950170-23-002558,2023-02-13
rnd,2021,ResearchAndDevelopmentExpense,0000950170-24-014240,2024-02-13
rnd,2022,ResearchAndDevelopmentExpense,0000950170-25-020763,2025-02-14
rnd,2023,ResearchAndDevelopmentExpense,0001628280-26-006708,2026-02-10
rnd,2024,ResearchAndDevelopmentExpense,0001628280-26-006708,2026-02-10
rnd,2025,ResearchAndDevelopmentExpense,0001628280-26-006708,2026-02-10
royalty_income,2009,RoyaltyIncomeNonoperating,0000950123-12-002512,2012-02-14
royalty_income,2010,RoyaltyIncomeNonoperating,0000950123-13-000902,2013-02-12
royalty_income,2011,RoyaltyIncomeNonoperating,0000950123-14-002054,2014-02-13
royalty_income,2012,RoyaltyIncomeNonoperating,0000950123-15-002527,2015-02-17
royalty_income,2013,RoyaltyIncomeNonoperating,0000950123-16-013733,2016-02-09
royalty_income,2014,RoyaltyIncomeNonoperating,0001564590-17-001142,2017-02-08
royalty_income,2015,RoyaltyIncomeNonoperating,0000950123-18-001052,2018-02-08
royalty_income,2016,RoyaltyIncomeNonoperating,0000950123-19-000989,2019-02-08
royalty_income,2017,RoyaltyIncomeNonoperating,0000950123-20-001393,2020-02-11
royalty_income,2018,RoyaltyIncomeNonoperating,0001564590-21-004857,2021-02-09
royalty_income,2019,RoyaltyIncomeNonoperating,0000950170-22-001201,2022-02-14
royalty_income,2020,RoyaltyIncomeNonoperating,0000950170-23-002558,2023-02-13
royalty_income,2021,RoyaltyIncomeNonoperating,0000950170-24-014240,2024-02-13
royalty_income,2022,RoyaltyIncomeNonoperating,0000950170-25-020763,2025-02-14
royalty_income,2023,RoyaltyIncomeNonoperating,0000950170-25-020763,2025-02-14
royalty_income,2024,RoyaltyIncomeNonoperating,0000950170-25-020763,2025-02-14
sbc,2009,AllocatedShareBasedCompensationExpense,0000950123-12-002512,2012-02-14
sbc,2010,AllocatedShareBasedCompensationExpense,0000950123-13-000902,2013-02-12
sbc,2011,AllocatedShareBasedCompensationExpense,0000950123-14-002054,2014-02-13
sbc,2012,AllocatedShareBasedCompensationExpense,0000950123-15-002527,2015-02-17
sbc,2013,AllocatedShareBasedCompensationExpense,0000950123-16-013733,2016-02-09
sbc,2014,AllocatedShareBasedCompensationExpense,0001564590-17-001142,2017-02-08
sbc,2015,AllocatedShareBasedCompensationExpense,0000950123-18-001052,2018-02-08
sbc,2016,AllocatedShareBasedCompensationExpense,0000950123-19-000989,2019-02-08
sbc,2017,AllocatedShareBasedCompensationExpense,0000950123-20-001393,2020-02-11
sbc,2018,AllocatedShareBasedCompensationExpense,0001564590-21-004857,2021-02-09
sbc,2019,AllocatedShareBasedCompensationExpense,0000950170-22-001201,2022-02-14
sbc,2020,AllocatedShareBasedCompensationExpense,0000950170-23-002558,2023-02-13
sbc,2021,AllocatedShareBasedCompensationExpense,0000950170-24-014240,2024-02-13
sbc,2022,AllocatedShareBasedCompensationExpense,0000950170-25-020763,2025-02-14
sbc,2023,AllocatedShareBasedCompensationExpense,0001628280-26-006708,2026-02-10
sbc,2024,AllocatedShareBasedCompensationExpense,0001628280-26-006708,2026-02-10
sbc,2025,AllocatedShareBasedCompensationExpense,0001628280-26-006708,2026-02-10
sga,2008,SellingGeneralAndAdministrativeExpense,0000950123-11-011714,2011-02-10
sga,2009,SellingGeneralAndAdministrativeExpense,0000950123-12-002512,2012-02-14
sga,2010,SellingGeneralAndAdministrativeExpense,0000950123-13-000902,2013-02-12
sga,2011,SellingGeneralAndAdministrativeExpense,0000950123-14-002054,2014-02-13
sga,2012,SellingGeneralAndAdministrativeExpense,0000950123-15-002527,2015-02-17
sga,2013,SellingGeneralAndAdministrativeExpense,0000950123-16-013733,2016-02-09
sga,2014,SellingGeneralAndAdministrativeExpense,0001564590-17-001142,2017-02-08
sga,2015,SellingGeneralAndAdministrativeExpense,0000950123-18-001052,2018-02-08
sga,2016,SellingGeneralAndAdministrativeExpense,0000950123-19-000989,2019-02-08
sga,2017,SellingGeneralAndAdministrativeExpense,0000950123-20-001393,2020-02-11
sga,2018,SellingGeneralAndAdministrativeExpense,0001564590-21-004857,2021-02-09
sga,2019,SellingGeneralAndAdministrativeExpense,0000950170-22-001201,2022-02-14
sga,2020,SellingGeneralAndAdministrativeExpense,0000950170-23-002558,2023-02-13
sga,2021,SellingGeneralAndAdministrativeExpense,0000950170-24-014240,2024-02-13
sga,2022,SellingGeneralAndAdministrativeExpense,0000950170-25-020763,2025-02-14
sga,2023,SellingGeneralAndAdministrativeExpense,0001628280-26-006708,2026-02-10
sga,2024,SellingGeneralAndAdministrativeExpense,0001628280-26-006708,2026-02-10
sga,2025,SellingGeneralAndAdministrativeExpense,0001628280-26-006708,2026-02-10
shares_outstanding,2009,CommonStockSharesOutstanding,0000950123-11-011714,2011-02-10
shares_outstanding,2010,CommonStockSharesOutstanding,0000950123-12-002512,2012-02-14
shares_outstanding,2011,CommonStockSharesOutstanding,0000950123-13-000902,2013-02-12
shares_outstanding,2012,CommonStockSharesOutstanding,0000950123-14-002054,2014-02-13
shares_outstanding,2013,CommonStockSharesOutstanding,0000950123-15-002527,2015-02-17
shares_outstanding,2014,CommonStockSharesOutstanding,0000950123-16-013733,2016-02-09
shares_outstanding,2015,CommonStockSharesOutstanding,0001564590-17-001142,2017-02-08
shares_outstanding,2016,CommonStockSharesOutstanding,0000950123-18-001052,2018-02-08
shares_outstanding,2017,CommonStockSharesOutstanding,0000950123-19-000989,2019-02-08
shares_outstanding,2018,CommonStockSharesOutstanding,0000950123-20-001393,2020-02-11
shares_outstanding,2019,CommonStockSharesOutstanding,0001564590-21-004857,2021-02-09
shares_outstanding,2020,CommonStockSharesOutstanding,0000950170-22-001201,2022-02-14
shares_outstanding,2021,CommonStockSharesOutstanding,0000950170-23-002558,2023-02-13
shares_outstanding,2022,CommonStockSharesOutstanding,0000950170-24-014240,2024-02-13
shares_outstanding,2023,CommonStockSharesOutstanding,0000950170-25-020763,2025-02-14
shares_outstanding,2024,CommonStockSharesOutstanding,0001628280-26-006708,2026-02-10
shares_outstanding,2025,CommonStockSharesOutstanding,0001628280-26-006708,2026-02-10
short_term_debt,2009,ShortTermBorrowings,0000950123-11-011714,2011-02-10
short_term_debt,2010,ShortTermBorrowings,0000950123-12-002512,2012-02-14
short_term_debt,2011,ShortTermBorrowings,0000950123-13-000902,2013-02-12
short_term_debt,2012,ShortTermBorrowings,0000950123-14-002054,2014-02-13
short_term_debt,2013,ShortTermBorrowings,0000950123-15-002527,2015-02-17
short_term_debt,2014,ShortTermBorrowings,0000950123-16-013733,2016-02-09
short_term_debt,2015,ShortTermBorrowings,0001564590-17-001142,2017-02-08
short_term_debt,2016,ShortTermBorrowings,0000950123-18-001052,2018-02-08
short_term_debt,2017,ShortTermBorrowings,0000950123-19-000989,2019-02-08
short_term_debt,2018,ShortTermBorrowings,0000950123-20-001393,2020-02-11
short_term_debt,2019,ShortTermBorrowings,0001564590-21-004857,2021-02-09
short_term_debt,2020,ShortTermBorrowings,0000950170-22-001201,2022-02-14
short_term_debt,2021,ShortTermBorrowings,0000950170-23-002558,2023-02-13
short_term_debt,2022,ShortTermBorrowings,0000950170-24-014240,2024-02-13
short_term_debt,2023,ShortTermBorrowings,0000950170-25-020763,2025-02-14
short_term_debt,2024,ShortTermBorrowings,0001628280-26-006708,2026-02-10
short_term_debt,2025,ShortTermBorrowings,0001628280-26-006708,2026-02-10
taxes_paid,2009,IncomeTaxesPaidNet,0000950123-12-002512,2012-02-14
taxes_paid,2010,IncomeTaxesPaidNet,0000950123-13-000902,2013-02-12
taxes_paid,2011,IncomeTaxesPaidNet,0000950123-14-002054,2014-02-13
taxes_paid,2012,IncomeTaxesPaidNet,0000950123-15-002527,2015-02-17
taxes_paid,2013,IncomeTaxesPaidNet,0000950123-16-013733,2016-02-09
taxes_paid,2014,IncomeTaxesPaidNet,0001564590-17-001142,2017-02-08
taxes_paid,2015,IncomeTaxesPaidNet,0000950123-18-001052,2018-02-08
taxes_paid,2016,IncomeTaxesPaidNet,0000950123-19-000989,2019-02-08
taxes_paid,2017,IncomeTaxesPaidNet,0000950123-20-001393,2020-02-11
taxes_paid,2018,IncomeTaxesPaidNet,0001564590-21-004857,2021-02-09
taxes_paid,2019,IncomeTaxesPaidNet,0000950170-22-001201,2022-02-14
taxes_paid,2020,IncomeTaxesPaidNet,0000950170-23-002558,2023-02-13
taxes_paid,2021,IncomeTaxesPaidNet,0000950170-24-014240,2024-02-13
taxes_paid,2022,IncomeTaxesPaidNet,0000950170-25-020763,2025-02-14
taxes_paid,2023,IncomeTaxesPaidNet,0001628280-26-006708,2026-02-10
taxes_paid,2024,IncomeTaxesPaidNet,0001628280-26-006708,2026-02-10
taxes_paid,2025,IncomeTaxesPaidNet,0001628280-26-006708,2026-02-10
total_assets,2009,Assets,0000950123-11-011714,2011-02-10
total_assets,2010,Assets,0000950123-13-000902,2013-02-12
total_assets,2011,Assets,0000950123-14-002054,2014-02-13
total_assets,2012,Assets,0000950123-15-002527,2015-02-17
total_assets,2013,Assets,0000950123-16-013733,2016-02-09
total_assets,2014,Assets,0001564590-17-001142,2017-02-08
total_assets,2015,Assets,0000950123-18-001052,2018-02-08
total_assets,2016,Assets,0000950123-18-001052,2018-02-08
total_assets,2017,Assets,0000950123-19-000989,2019-02-08
total_assets,2018,Assets,0000950123-20-001393,2020-02-11
total_assets,2019,Assets,0001564590-21-004857,2021-02-09
total_assets,2020,Assets,0000950170-22-001201,2022-02-14
total_assets,2021,Assets,0000950170-23-002558,2023-02-13
total_assets,2022,Assets,0000950170-24-014240,2024-02-13
total_assets,2023,Assets,0000950170-25-020763,2025-02-14
total_assets,2024,Assets,0001628280-26-006708,2026-02-10
total_assets,2025,Assets,0001628280-26-006708,2026-02-10
total_liabilities,2009,Liabilities,0000950123-11-011714,2011-02-10
total_liabilities,2010,Liabilities,0000950123-12-002512,2012-02-14
total_liabilities,2011,Liabilities,0000950123-13-000902,2013-02-12
total_liabilities,2012,Liabilities,0000950123-14-002054,2014-02-13
total_liabilities,2013,Liabilities,0000950123-15-002527,2015-02-17
total_liabilities,2014,Liabilities,0000950123-16-013733,2016-02-09
total_liabilities,2015,Liabilities,0001564590-17-001142,2017-02-08
total_liabilities,2016,Liabilities,0000950123-18-001052,2018-02-08
total_liabilities,2017,Liabilities,0000950123-19-000989,2019-02-08
total_liabilities,2018,Liabilities,0000950123-20-001393,2020-02-11
total_liabilities,2019,Liabilities,0001564590-21-004857,2021-02-09
total_liabilities,2020,Liabilities,0000950170-22-001201,2022-02-14
total_liabilities,2021,Liabilities,0000950170-23-002558,2023-02-13
total_liabilities,2022,Liabilities,0000950170-24-014240,2024-02-13
total_liabilities,2023,Liabilities,0000950170-25-020763,2025-02-14
total_liabilities,2024,Liabilities,0001628280-26-006708,2026-02-10
total_liabilities,2025,Liabilities,0001628280-26-006708,2026-02-10
warranty_issued,2010,ProductWarrantyAccrualWarrantiesIssued,0000950123-12-002512,2012-02-14
warranty_issued,2011,ProductWarrantyAccrualWarrantiesIssued,0000950123-13-000902,2013-02-12
warranty_issued,2012,ProductWarrantyAccrualWarrantiesIssued,0000950123-14-002054,2014-02-13
warranty_issued,2013,ProductWarrantyAccrualWarrantiesIssued,0000950123-15-002527,2015-02-17
warranty_issued,2014,ProductWarrantyAccrualWarrantiesIssued,0000950123-16-013733,2016-02-09
warranty_issued,2015,ProductWarrantyAccrualWarrantiesIssued,0001564590-17-001142,2017-02-08
warranty_issued,2016,ProductWarrantyAccrualWarrantiesIssued,0000950123-18-001052,2018-02-08
warranty_issued,2017,ProductWarrantyAccrualWarrantiesIssued,0000950123-19-000989,2019-02-08
warranty_issued,2018,ProductWarrantyAccrualWarrantiesIssued,0000950123-20-001393,2020-02-11
warranty_issued,2019,ProductWarrantyAccrualWarrantiesIssued,0001564590-21-004857,2021-02-09
warranty_issued,2020,ProductWarrantyAccrualWarrantiesIssued,0000950170-22-001201,2022-02-14
warranty_issued,2021,ProductWarrantyAccrualWarrantiesIssued,0000950170-23-002558,2023-02-13
warranty_issued,2022,ProductWarrantyAccrualWarrantiesIssued,0000950170-24-014240,2024-02-13
warranty_issued,2023,ProductWarrantyAccrualWarrantiesIssued,0000950170-25-020763,2025-02-14
warranty_issued,2024,ProductWarrantyAccrualWarrantiesIssued,0001628280-26-006708,2026-02-10
warranty_issued,2025,ProductWarrantyAccrualWarrantiesIssued,0001628280-26-006708,2026-02-10
wtd_shares_basic,2008,WeightedAverageNumberOfSharesOutstandingBasic,0000950123-11-011714,2011-02-10
wtd_shares_basic,2009,WeightedAverageNumberOfSharesOutstandingBasic,0000950123-12-002512,2012-02-14
wtd_shares_basic,2010,WeightedAverageNumberOfSharesOutstandingBasic,0000950123-13-000902,2013-02-12
wtd_shares_basic,2011,WeightedAverageNumberOfSharesOutstandingBasic,0000950123-14-002054,2014-02-13
wtd_shares_basic,2012,WeightedAverageNumberOfSharesOutstandingBasic,0000950123-15-002527,2015-02-17
wtd_shares_basic,2013,WeightedAverageNumberOfSharesOutstandingBasic,0000950123-16-013733,2016-02-09
wtd_shares_basic,2014,WeightedAverageNumberOfSharesOutstandingBasic,0001564590-17-001142,2017-02-08
wtd_shares_basic,2015,WeightedAverageNumberOfSharesOutstandingBasic,0000950123-18-001052,2018-02-08
wtd_shares_basic,2016,WeightedAverageNumberOfSharesOutstandingBasic,0000950123-19-000989,2019-02-08
wtd_shares_basic,2017,WeightedAverageNumberOfSharesOutstandingBasic,0000950123-20-001393,2020-02-11
wtd_shares_basic,2018,WeightedAverageNumberOfSharesOutstandingBasic,0001564590-21-004857,2021-02-09
wtd_shares_basic,2019,WeightedAverageNumberOfSharesOutstandingBasic,0000950170-22-001201,2022-02-14
wtd_shares_basic,2020,WeightedAverageNumberOfSharesOutstandingBasic,0000950170-23-002558,2023-02-13
wtd_shares_basic,2021,WeightedAverageNumberOfSharesOutstandingBasic,0000950170-24-014240,2024-02-13
wtd_shares_basic,2022,WeightedAverageNumberOfSharesOutstandingBasic,0000950170-25-020763,2025-02-14
wtd_shares_basic,2023,WeightedAverageNumberOfSharesOutstandingBasic,0001628280-26-006708,2026-02-10
wtd_shares_basic,2024,WeightedAverageNumberOfSharesOutstandingBasic,0001628280-26-006708,2026-02-10
wtd_shares_basic,2025,WeightedAverageNumberOfSharesOutstandingBasic,0001628280-26-006708,2026-02-10
wtd_shares_diluted,2008,WeightedAverageNumberOfDilutedSharesOutstanding,0000950123-11-011714,2011-02-10
wtd_shares_diluted,2009,WeightedAverageNumberOfDilutedSharesOutstanding,0000950123-12-002512,2012-02-14
wtd_shares_diluted,2010,WeightedAverageNumberOfDilutedSharesOutstanding,0000950123-13-000902,2013-02-12
wtd_shares_diluted,2011,WeightedAverageNumberOfDilutedSharesOutstanding,0000950123-14-002054,2014-02-13
wtd_shares_diluted,2012,WeightedAverageNumberOfDilutedSharesOutstanding,0000950123-15-002527,2015-02-17
wtd_shares_diluted,2013,WeightedAverageNumberOfDilutedSharesOutstanding,0000950123-16-013733,2016-02-09
wtd_shares_diluted,2014,WeightedAverageNumberOfDilutedSharesOutstanding,0001564590-17-001142,2017-02-08
wtd_shares_diluted,2015,WeightedAverageNumberOfDilutedSharesOutstanding,0000950123-18-001052,2018-02-08
wtd_shares_diluted,2016,WeightedAverageNumberOfDilutedSharesOutstanding,0000950123-19-000989,2019-02-08
wtd_shares_diluted,2017,WeightedAverageNumberOfDilutedSharesOutstanding,0000950123-20-001393,2020-02-11
wtd_shares_diluted,2018,WeightedAverageNumberOfDilutedSharesOutstanding,0001564590-21-004857,2021-02-09
wtd_shares_diluted,2019,WeightedAverageNumberOfDilutedSharesOutstanding,0000950170-22-001201,2022-02-14
wtd_shares_diluted,2020,WeightedAverageNumberOfDilutedSharesOutstanding,0000950170-23-002558,2023-02-13
wtd_shares_diluted,2021,WeightedAverageNumberOfDilutedSharesOutstanding,0000950170-24-014240,2024-02-13
wtd_shares_diluted,2022,WeightedAverageNumberOfDilutedSharesOutstanding,0000950170-25-020763,2025-02-14
wtd_shares_diluted,2023,WeightedAverageNumberOfDilutedSharesOutstanding,0001628280-26-006708,2026-02-10
wtd_shares_diluted,2024,WeightedAverageNumberOfDilutedSharesOutstanding,0001628280-26-006708,2026-02-10
wtd_shares_diluted,2025,WeightedAverageNumberOfDilutedSharesOutstanding,0001628280-26-006708,2026-02-10
