line,2012,2013,2014,2015,2016,2017,2018,2019,2020,2021,2022,2023,2024,2025
revenue,20992000000,19540000000,18138000000,16443000000,15158000000,15377000000,15475000000,14745000000,12321000000,17478000000,20805000000,20066000000,18878000000,18280000000
cogs,17163000000,15422000000,13906000000,12164000000,10935000000,11680000000,11961000000,11602000000,10337000000,13692000000,16953000000,16582000000,15192000000,14909000000
sga,2718000000,2758000000,2720000000,2614000000,2409000000,2279000000,2312000000,2323000000,2192000000,2699000000,2798000000,2814000000,2782000000,2719000000
rationalizations,175000000,58000000,95000000,114000000,210000000,135000000,44000000,205000000,159000000,93000000,129000000,502000000,86000000,194000000
interest_expense,357000000,392000000,444000000,438000000,372000000,335000000,321000000,340000000,324000000,387000000,451000000,532000000,522000000,445000000
other_nonop,-139000000,-97000000,-286000000,141000000,-25000000,-70000000,174000000,98000000,-119000000,-94000000,-75000000,-231000000,-134000000,-288000000
goodwill_intangible_impairment,,0,0,0,0,0,0,0,,,0,230000000,125000000,674000000
goodwill_impairment,,,,,,,,0,182000000,0,0,230000000,0,674000000
pretax_income,440000000,813000000,687000000,608000000,1207000000,878000000,1011000000,177000000,-1140000000,513000000,399000000,-721000000,130000000,-133000000
pretax_domestic,,396000000,400000000,284000000,595000000,394000000,439000000,-39000000,-993000000,-102000000,41000000,-325000000,-286000000,-1047000000
pretax_foreign,,417000000,287000000,324000000,612000000,484000000,572000000,216000000,-147000000,615000000,358000000,-396000000,416000000,914000000
income_tax,203000000,138000000,-1834000000,232000000,-77000000,513000000,303000000,474000000,110000000,-267000000,190000000,10000000,95000000,1567000000
current_tax,187000000,172000000,136000000,153000000,152000000,147000000,172000000,151000000,87000000,204000000,162000000,240000000,160000000,210000000
deferred_tax,16000000,-34000000,-1970000000,79000000,-229000000,366000000,131000000,323000000,23000000,-471000000,28000000,-230000000,-65000000,1357000000
net_income_incl_nci,237000000,675000000,2521000000,376000000,1284000000,365000000,708000000,-297000000,-1250000000,780000000,209000000,-731000000,35000000,-1700000000
nci_income,25000000,46000000,69000000,69000000,20000000,19000000,15000000,14000000,4000000,16000000,7000000,-2000000,-11000000,21000000
net_income,212000000,629000000,2452000000,307000000,1264000000,346000000,693000000,-311000000,-1254000000,764000000,202000000,-729000000,46000000,-1721000000
rnd,370000000,390000000,399000000,382000000,388000000,406000000,424000000,430000000,390000000,473000000,501000000,461000000,426000000,380000000
sbc,15000000,18000000,20000000,19000000,23000000,22000000,16000000,27000000,31000000,36000000,14000000,19000000,23000000,23000000
dna,687000000,722000000,732000000,698000000,727000000,781000000,778000000,795000000,859000000,883000000,964000000,1001000000,1049000000,1045000000
depreciation,684000000,719000000,730000000,697000000,726000000,779000000,776000000,793000000,857000000,862000000,928000000,967000000,1011000000,1015000000
amort_intangibles,3000000,3000000,2000000,1000000,1000000,2000000,2000000,2000000,2000000,21000000,35000000,33000000,32000000,30000000
cfo,1038000000,938000000,340000000,1728000000,1557000000,1158000000,916000000,1207000000,1115000000,1062000000,521000000,1032000000,698000000,796000000
capex,1127000000,1168000000,923000000,983000000,996000000,881000000,811000000,770000000,647000000,981000000,1061000000,1050000000,1188000000,826000000
asset_sale_proceeds,16000000,25000000,18000000,62000000,35000000,12000000,2000000,12000000,0,14000000,52000000,16000000,115000000,1802000000
cfi,-1123000000,-1136000000,-851000000,-1256000000,-979000000,-879000000,-867000000,-800000000,-667000000,-2793000000,-914000000,-1035000000,-1005000000,997000000
cff,-426000000,1082000000,-11000000,-1026000000,-876000000,-415000000,-243000000,-307000000,203000000,1309000000,575000000,-333000000,225000000,-1770000000
acquisitions,,,,,,,,0,0,1856000000,0,0,,
buybacks,0,4000000,234000000,180000000,500000000,400000000,220000000,0,0,,,,,
dividends_paid,0,12000000,60000000,68000000,82000000,110000000,138000000,148000000,37000000,0,0,0,0,0
restructuring_paid,106000000,72000000,226000000,144000000,86000000,154000000,174000000,59000000,186000000,197000000,95000000,99000000,198000000,431000000
pension_expense,,,,,,,,,,43000000,124000000,40000000,-3000000,201000000
taxes_paid,204000000,186000000,127000000,113000000,153000000,144000000,178000000,142000000,45000000,201000000,174000000,200000000,170000000,160000000
interest_paid,348000000,353000000,419000000,445000000,351000000,314000000,331000000,324000000,315000000,316000000,437000000,514000000,515000000,414000000
op_lease_cost,,,,,,,0,292000000,286000000,295000000,300000000,302000000,326000000,318000000
royalty_income,38000000,51000000,35000000,192000000,23000000,32000000,20000000,19000000,19000000,24000000,27000000,30000000,21000000,
interest_income,17000000,41000000,28000000,22000000,15000000,13000000,16000000,18000000,14000000,24000000,34000000,84000000,54000000,37000000
gain_on_asset_sales,,8000000,3000000,71000000,31000000,14000000,1000000,16000000,-2000000,20000000,122000000,104000000,93000000,816000000
warranty_issued,21000000,29000000,41000000,33000000,31000000,24000000,28000000,29000000,21000000,29000000,35000000,12000000,14000000,12000000
ar_change,-291000000,-79000000,-75000000,31000000,-211000000,147000000,172000000,-71000000,-132000000,300000000,333000000,59000000,-127000000,-215000000
inventory_change,-619000000,-366000000,35000000,89000000,172000000,44000000,171000000,-6000000,-713000000,982000000,1042000000,-933000000,106000000,-12000000
ap_change,-453000000,-30000000,-41000000,78000000,-156000000,85000000,223000000,5000000,26000000,923000000,686000000,-531000000,-78000000,-248000000
equity_method_income,34000000,0,0,0,0,0,0,0,,,,,,
cash,2281000000,2996000000,2161000000,1476000000,1132000000,1043000000,801000000,908000000,1539000000,1088000000,1227000000,902000000,810000000,801000000
receivables,2563000000,2435000000,2126000000,2033000000,1769000000,2025000000,2030000000,1941000000,1691000000,2387000000,2610000000,2731000000,2482000000,2341000000
inventory,3250000000,2816000000,2671000000,2464000000,2627000000,2787000000,2856000000,2851000000,2153000000,3594000000,4571000000,3698000000,3554000000,3572000000
current_assets,8498000000,8644000000,7159000000,6126000000,5718000000,6079000000,5925000000,5934000000,5620000000,7331000000,8665000000,7650000000,7589000000,7218000000
goodwill,664000000,668000000,601000000,555000000,535000000,595000000,569000000,565000000,408000000,1004000000,1014000000,781000000,756000000,42000000
intangibles,140000000,138000000,138000000,138000000,136000000,139000000,136000000,137000000,135000000,1039000000,1004000000,969000000,805000000,663000000
ppe_net,6956000000,7320000000,7153000000,6777000000,7040000000,7451000000,7259000000,7208000000,7073000000,8345000000,8294000000,8492000000,8082000000,7843000000
op_lease_rou,,,,,,,0,855000000,851000000,981000000,976000000,985000000,951000000,998000000
dta_net,,,,,2414000000,2008000000,1847000000,1527000000,1467000000,1596000000,1443000000,1630000000,1686000000,348000000
dta_valuation_allowance,3393000000,2968000000,632000000,621000000,326000000,318000000,317000000,982000000,1469000000,1044000000,1072000000,1275000000,1252000000,2734000000
total_assets,16973000000,17437000000,18000000000,16391000000,16511000000,17064000000,16872000000,17185000000,16506000000,21402000000,22431000000,21582000000,20921000000,18208000000
accounts_payable,3223000000,3097000000,2878000000,2769000000,2589000000,2807000000,2920000000,2908000000,2945000000,4148000000,4803000000,4326000000,4092000000,3879000000
current_liabilities,5322000000,5025000000,4730000000,4955000000,4817000000,5025000000,4781000000,5287000000,5106000000,6612000000,7140000000,7147000000,7377000000,6782000000
short_term_debt,102000000,14000000,30000000,49000000,245000000,262000000,410000000,348000000,406000000,406000000,395000000,344000000,558000000,506000000
ltd_current,96000000,73000000,148000000,587000000,436000000,,243000000,562000000,152000000,343000000,228000000,449000000,832000000,364000000
ltd_noncurrent,4888000000,6162000000,6216000000,5074000000,4798000000,5076000000,5110000000,4753000000,5432000000,6648000000,7267000000,6831000000,6392000000,5328000000
debt_current_total,198000000,87000000,178000000,634000000,681000000,653000000,653000000,910000000,558000000,749000000,623000000,793000000,1390000000,870000000
op_lease_liab_cur,,,,,,,0,199000000,198000000,204000000,199000000,200000000,200000000,196000000
op_lease_liab_noncur,,,,,,,0,668000000,684000000,819000000,821000000,825000000,804000000,862000000
pension_liab_noncur,4340000000,2673000000,1676000000,1468000000,1460000000,1515000000,1345000000,1334000000,1470000000,1445000000,998000000,974000000,789000000,787000000
total_liabilities,15814000000,15082000000,13617000000,12249000000,11786000000,12214000000,11802000000,12640000000,13247000000,16218000000,16965000000,16745000000,16098000000,14805000000
nci,255000000,262000000,235000000,222000000,218000000,247000000,206000000,194000000,181000000,185000000,166000000,169000000,142000000,170000000
equity_parent,370000000,1606000000,3610000000,3920000000,4507000000,4603000000,4864000000,4351000000,3078000000,4999000000,5300000000,4668000000,4681000000,3233000000
equity_total,625000000,1868000000,3845000000,4142000000,4725000000,4850000000,5070000000,4545000000,3259000000,5184000000,5452000000,4779000000,4823000000,3403000000
retained_earnings,1370000000,1958000000,4331000000,4570000000,5808000000,6044000000,6597000000,6113000000,4809000000,5573000000,5775000000,5086000000,5081000000,3360000000
aoci,-4560000000,-3935000000,-4131000000,-4010000000,-4198000000,-3976000000,-4076000000,-4136000000,-4135000000,-3963000000,-3875000000,-3835000000,-3844000000,-3588000000
shares_outstanding,245000000,248000000,269000000,267000000,252000000,240000000,232000000,233000000,233000000,282000000,283000000,284000000,285000000,286000000
assets_held_for_sale,,,,,,,,,,,,0,466000000,58000000
wtd_shares_basic,245000000,246000000,268000000,269000000,263000000,249000000,237000000,233,234000000,261000000,284000000,285000000,287000000,288000000
wtd_shares_diluted,247000000,277000000,279000000,273000000,266000000,253000000,239000000,233,234000000,264000000,286000000,285000000,288000000,288000000
eps_basic,0.75,2.44,9.13,1.14,4.81,1.39,2.92,-1.33,-5.35,2.92,0.71,-2.56,0.16,-5.99
eps_diluted,0.74,2.28,8.78,1.12,4.74,1.37,2.89,-1.33,-5.35,2.89,0.71,-2.56,0.16,-5.99
dps_declared,,0.05,0.22,0.25,0.31,0.44,0.58,0.64,0.16,0,0,0,0,0
