id,category,metric,issued,source,value_low,value_high,unit,resolves,notes
F01,soi_1y,FY2026 segment operating income (implied from Q2-26 bridge: $800m 2025 adj. base + price/mix >$200m - tariffs ~$50m - volume/absorption ~$350m; GF offsets inflation),2026-08-06,Q2-26 call (Motley Fool transcript) / Q2-26 deck,580,620,$m,2026-12-31,"Not an explicit guide; analysts' reconstruction of mgmt bridge"
F02,soi_1y,Q3-2026 components: volume flat y/y; GF +$70m; price/mix +$110m; raws -$20m; unabsorbed overhead -$70m; inflation -$95m; tariffs -$10m; divestitures -$57m,2026-08-05,Q2-26 deck p.14 / 10-Q Q2-26 Outlook,,,$m,2026-09-30,""
F03,cost_program,FY2026 Goodyear Forward incremental benefit,2026-05-06,Q1-26 deck (raised from ~$300m),325,325,$m,2026-12-31,""
F04,cash_items_1y,FY2026 free cash flow (cash burn),2026-08-06,Q2-26 call,-300,-200,$m,2026-12-31,""
F05,cash_items_1y,FY2026 capex,2026-08-05,Q2-26 deck,725,725,$m,2026-12-31,"Feb-26: ~$825m"
F06,cash_items_1y,FY2026 interest expense,2026-08-05,Q2-26 deck,425,425,$m,2026-12-31,""
F07,cash_items_1y,FY2026 rationalization payments,2026-08-05,Q2-26 deck,265,265,$m,2026-12-31,"Feb-26: ~$225m"
F08,cash_items_1y,FY2026 cash taxes,2026-08-05,Q2-26 deck,150,175,$m,2026-12-31,"operating tax expense $175-200m"
F09,cash_items_1y,FY2026 D&A,2026-08-05,Q2-26 deck,915,915,$m,2026-12-31,""
F10,cash_items_1y,FY2026 corporate other (normal operating),2026-08-05,Q2-26 deck,150,150,$m,2026-12-31,""
F11,cash_items_1y,FY2026 working capital,2026-08-05,Q2-26 deck,0,0,$m,2026-12-31,"Feb-26: ~$100m inflow"
F12,cost_program,Fayetteville NC closure: Americas SOI +$90m in 2027 and ~+$270m/yr from 2028; cash cost $190-210m,2026-07-21,8-K 2026-07-21 (Item 2.05),270,270,$m,2028-12-31,"Removes 7-8m units of mostly lower-tier capacity"
F13,cost_program,EMEA rationalization (Mar-2026): SOI +$35-40m in 2028 and ~+$50m/yr thereafter; cash $100-110m,2026-03-20,8-K 2026-03-20 (Item 2.05),50,50,$m,2029-12-31,""
F14,cost_program,EMEA footprint actions (Nov-2023): run-rate savings $100m by YE2026 and $120m by YE2027,2023-11-16,8-K 2023-11-16,100,120,$m,2027-12-31,"Fulda / Fuerstenwalde closures"
F15,cost_program,Goodyear Forward cumulative run-rate to 'exceed $1.5bn in the coming months',2026-08-06,Q2-26 call,1500,1500,$m,2026-12-31,""
F16,other,Deferred revenue from 2025 divestitures amortized into income ($55m in 2026),2026-02-10,Q4-25 deck,55,55,$m,2026-12-31,"Non-cash"
