id,category,metric,horizon_years,issued,source,guided_low,guided_high,base_value,actual,unit,status,notes
G01,soi_1y,FY2014 SOI growth 10-15% (2014-16 plan),1,2014-02,8-K 2015-01-13 (investor presentation),1738,1817,1580,1712,$m,miss,"Mgmt pre-announced 'slightly below' range in Jan-2015; +8.4%"
G02,soi_1y,FY2015 SOI growth 10-15%,1,2014-02,8-K 2015-02-17 reaffirmed,1883,1969,1712,2022,$m,hit,"+18%; helped by oil-driven raw-material deflation"
G03,soi_1y,FY2016 record SOI $2.1-2.2bn ex-Venezuela,1,2016-02-09,8-K 2016-02-09,2100,2200,1903,1985,$m,miss,"Cut to $2.0-2.025bn in Oct-2016; actual below even the cut range"
G04,soi_1y,FY2017 SOI ~flat vs 2016 (~$2.0bn),1,2017-02-08,8-K 2017-02-08 / 2017-04-28,1985,2025,1985,1522,$m,miss,"Cut to ~$1.5bn in Oct-2017"
G05,soi_1y,FY2018 SOI $1.8-1.9bn,1,2018-02-08,8-K 2018-02-08,1800,1900,1522,1274,$m,miss,"Cut to $1.45-1.5bn (Jul) then >$1.3bn (Oct); actual below final cut"
G06,soi_1y,2H-2023 SOI margin 'much closer to near-term target of 8%',0.5,2023-05-04,8-K 2023-05-04 / 2023-08-02,7.5,8.0,2.5,7.0,%,partial,"Q3-23 6.5%, Q4-23 7.5%; base = 1H-23 margin (Q1 2.5%, Q2 2.5%)"
G07,soi_1y,FY2026 SOI implied by Feb-2026 bridge (~$0.9bn ex-volume) vs Aug-2026 implied ~$0.6bn,1,2026-02-10,Q4-25 deck outlook; Q2-26 call,850,950,800,600,$m,interim,"RECONSTRUCTED by analyst from component guidance (not an explicit SOI guide); Actual = Aug-2026 implied full-year; raw-material swing -$300m (Middle East) + volume"
G08,soi_multi,2020 SOI target $3.0bn (Investor Day),4,2016-09-15,Goodyear news release 2016-09-15,3000,3000,1985,945,$m,retired,"Cut to $2.0-2.4bn Feb-2018; dropped from releases after Oct-2018; actual uses 2019 (pre-COVID)"
G09,soi_multi,2020 SOI target $2.0-2.4bn (restated),2,2018-02-08,8-K 2018-02-08,2000,2400,1522,945,$m,retired,"Dropped Oct-2018; 2019 SOI $945m"
G10,soi_multi,SOI margin ~10% in Q4-2025 (Goodyear Forward),2,2023-11-15,Q4-23 letter; reaffirmed Jul-24/Nov-24/May-25,10.0,10.0,7.5,7.3,%,retired,"Not repeated from Aug-2025; Q4-25 reported 8.5% incl. $56m insurance (7.3% ex)"
G11,leverage,Net leverage 2.0-2.5x by YE2025,2,2023-11-15,Q4-23 letter; reaffirmed Nov-24 & May-25,2.0,2.5,3.8,2.8,x,retired,"Dropped Aug-2025; YE25 net debt $5.40bn / adj. EBITDA $1.93bn; LTM Jun-26 3.8x"
G12,leverage,Adjusted debt/EBITDAP 2.0-2.1x at YE2016,1,2015-02-17,8-K 2015-02-17 / 2016-02-09,2.0,2.1,,,x,retired,"Not reported after Oct-2016 (target silently replaced by 2020 plan); analyst estimate ~2.5x"
G13,capital_return,Cumulative FCF 2017-2020 $4.3-4.9bn,4,2016-09-15,Goodyear news release 2016-09-15,4300,4900,0,1287,$m,miss,"Actual CFO-capex 2017-20 = $1.29bn (company 'FCF from operations' definition would be higher)"
G14,capital_return,Shareholder returns up to $4bn 2017-2020,4,2016-09-15,Goodyear news release 2016-09-15,4000,4000,0,1053,$m,miss,"Buybacks $620m + dividends $433m; dividend suspended 2020"
G15,cost_program,EMEA Hanau/Fulda modernization +$60-70m SOI (3 yrs from 2020),3,2019-04-26,8-K 2019-04-26,60,70,,,$m,retired,"Superseded: Fulda & Fuerstenwalde closures announced 2023"
G16,cost_program,Cooper synergies $165m run-rate within 2 yrs (raised to $250m by mid-2023),2,2021-02-22,8-K 2021-02-22 / 2021-11-05,165,165,0,250,$m,hit,"Mgmt reported $250m run-rate reached mid-2023; Americas SOI 2023 ($749m) still below GT+Cooper pro-forma 2019-20"
G17,cost_program,Goodyear Forward 2024 gross benefits ~$350m (raised to $450m),1,2024-02-12,Q4-23 letter / Q3-24 release,350,350,0,480,$m,hit,"Gross benefit; SOI 2024 +$359m of which insurance $121m"
G18,cost_program,Goodyear Forward 2025 gross benefits ~$750m,1,2024-11-04,Q3-24 release,750,750,0,772,$m,hit,"Gross; SOI 2025 fell $245m y/y (volume, inflation, tariffs, divestitures)"
G19,cost_program,Goodyear Forward run-rate $1.3bn by Q4-2025 (raised to $1.5bn),2,2023-11-15,Q4-23 letter / Q3-24 release,1300,1300,0,1500,$m,hit,"Mgmt-reported run-rate; not independently auditable"
G20,portfolio,Gross proceeds >$2bn from OTR/Dunlop/Chemical,2,2023-11-15,Q4-23 letter,2000,2000,0,2200,$m,hit,"~$2.2bn divestitures (+$0.1bn other asset sales)"
G21,cash_items_1y,2025 capex ~$950m,1,2025-02-13,Q4-24 deck,950,950,1188,826,$m,hit,"Underspent (cash preservation)"
G22,cash_items_1y,2025 rationalization payments ~$400m,1,2025-02-13,Q4-24 deck,400,400,198,431,$m,hit,"+8%"
G23,cash_items_1y,2025 interest expense $450-475m,1,2025-02-13,Q4-24 deck,450,475,522,445,$m,hit,""
G24,cash_items_1y,2025 working capital inflow $100-150m,1,2025-02-13,Q4-24 deck,100,150,0,-21,$m,miss,"Q3-25 guidance changed to $150m use"
G25,cash_items_1y,2025 cash taxes ~$200m,1,2025-02-13,Q4-24 deck,200,200,170,160,$m,hit,""
G26,cash_items_1y,2026 working capital inflow ~$100m (Feb-26) -> neutral (Aug-26),1,2026-02-10,Q4-25 deck / Q2-26 deck,100,100,0,0,$m,interim,"Interim (revised guidance used as actual)"
G27,cash_items_1y,2026 raw-material benefit ~$300m (Feb-26) -> ~neutral (May-26),1,2026-02-10,Q4-25 deck / Q1-26 deck,300,300,0,0,$m,interim,"External shock (Middle East oil); interim"
G28,industry_1y,2025 commercial replacement industry +2-4%,1,2025-02-13,Q4-24 deck,2,4,,,%,miss,"Qualitative: releases describe a 'sharp contraction in industry demand' through 2025 (no precise figure retrieved)"
