metric,2015,2016,2017,2018,2019,2020,2021,2022,2023,2024,2025
revenue,16443.0,15158.0,15377.0,15475.0,14745.0,12321.0,17478.0,20805.0,20066.0,18878.0,18280.0
units_m,166.2,166.1,159.2,159.2,155.3,126.0,169.3,184.5,173.3,166.6,158.7
rev_per_unit,98.9,91.3,96.6,97.2,94.9,97.8,103.2,112.8,115.8,113.3,115.2
soi,2020.0,1996.0,1556.0,1274.0,945.0,-14.0,1288.0,1276.0,943.0,1302.0,1057.0
soi_margin,0.12284862859575503,0.1316796411136034,0.10119008909410158,0.08232633279483037,0.06408952187182096,-0.0011362714065416767,0.07369264217873898,0.06133141071857726,0.04699491677464367,0.06896917046297277,0.05782275711159737
soi_americas,1266.0,1151.0,847.0,654.0,550.0,9.0,914.0,1094.0,749.0,933.0,735.0
soi_emea,435.0,472.0,367.0,363.0,202.0,-72.0,239.0,61.0,-8.0,92.0,114.0
soi_apac,319.0,373.0,342.0,257.0,193.0,49.0,135.0,121.0,202.0,277.0,208.0
margin_americas,0.1351120597652081,0.14084679393049437,0.10314174378957623,0.08006856023506366,0.06942691239585963,0.0013727882855399634,0.09093622525121878,0.0856963810120633,0.06245309764029017,0.08456448835312246,0.06825780089153045
margin_emea,0.08504398826979472,0.09672131147540984,0.07447240259740259,0.07131630648330059,0.04290569243840272,-0.01791044776119403,0.045584588975777225,0.010806023029229407,-0.0014270424545130217,0.01695852534562212,0.02054054054054054
margin_apac,0.16292134831460675,0.17711301044634378,0.15288332588287887,0.11592241768155165,0.09125295508274232,0.028080229226361032,0.061813186813186816,0.05054302422723475,0.08188082691528172,0.11446280991735537,0.10601427115188583
corp_cost,207.0,168.0,105.0,64.0,110.0,89.0,200.0,160.0,175.0,128.0,168.0
rationalization_charge,114.0,210.0,135.0,44.0,205.0,159.0,93.0,129.0,502.0,86.0,194.0
rationalization_cash,144.0,86.0,154.0,174.0,59.0,186.0,197.0,95.0,99.0,198.0,431.0
asset_writeoffs,8.0,20.0,40.0,4.0,15.0,105.0,1.0,37.0,36.0,146.0,160.0
impairments,0.0,0.0,0.0,0.0,0.0,330.0,0.0,0.0,230.0,125.0,674.0
dna,698.0,727.0,781.0,778.0,795.0,859.0,883.0,964.0,1001.0,1049.0,1045.0
segment_ebitda,2718.0,2723.0,2337.0,2052.0,1740.0,845.0,2171.0,2240.0,1944.0,2351.0,2102.0
adj_ebitda,2511.0,2555.0,2232.0,1988.0,1630.0,756.0,1971.0,2080.0,1769.0,2223.0,1934.0
ebit_normalized,1663.0,1678.0,1301.0,1060.0,685.0,-253.0,938.0,966.0,618.0,1024.0,739.0
ebit_norm_margin,0.10113726205680229,0.1107006201345824,0.08460688040580087,0.06849757673667205,0.04645642590708715,-0.02053404756107459,0.05366746767364687,0.046431146359048305,0.030798365394199143,0.05424303421972666,0.04042669584245077
nopat_normalized,1247.25,1258.5,975.75,795.0,513.75,-189.75,703.5,724.5,463.5,768.0,554.25
interest_expense,438.0,372.0,335.0,321.0,340.0,324.0,387.0,451.0,532.0,522.0,445.0
pretax_gaap,608.0,1207.0,878.0,1011.0,177.0,-1140.0,513.0,399.0,-721.0,130.0,-133.0
tax_gaap,232.0,-77.0,513.0,303.0,474.0,110.0,-267.0,190.0,10.0,95.0,1567.0
net_income_gaap,307.0,1264.0,346.0,693.0,-311.0,-1254.0,764.0,202.0,-729.0,46.0,-1721.0
eps_diluted_gaap,1.12,4.74,1.37,2.89,-1.33,-5.35,2.89,0.71,-2.56,0.16,-5.99
cfo,1728.0,1557.0,1158.0,916.0,1207.0,1115.0,1062.0,521.0,1032.0,698.0,796.0
capex,983.0,996.0,881.0,811.0,770.0,647.0,981.0,1061.0,1050.0,1188.0,826.0
fcf,745.0,561.0,277.0,105.0,437.0,468.0,81.0,-540.0,-18.0,-490.0,-30.0
capex_to_dna,1.4083094555873925,1.3700137551581844,1.1280409731113956,1.0424164524421593,0.9685534591194969,0.7532013969732246,1.1109852774631936,1.1006224066390042,1.048951048951049,1.1325071496663488,0.7904306220095694
asset_sale_proceeds,62.0,35.0,12.0,2.0,12.0,0.0,14.0,52.0,16.0,115.0,1802.0
acquisitions,0.0,0.0,0.0,0.0,0.0,0.0,1856.0,0.0,0.0,0.0,0.0
buybacks,180.0,500.0,400.0,220.0,0.0,0.0,0.0,0.0,0.0,0.0,0.0
dividends,68.0,82.0,110.0,138.0,148.0,37.0,0.0,0.0,0.0,0.0,0.0
nwc,1728.0,1807.0,2005.0,1966.0,1884.0,899.0,1833.0,2378.0,2103.0,1944.0,2034.0
nwc_pct_sales,0.10509031198686371,0.11921097770154374,0.13038954282369772,0.12704361873990308,0.12777212614445574,0.07296485674864053,0.10487469962238243,0.11429944724825764,0.10480414631715339,0.10297701027651235,0.11126914660831509
invested_capital,9198.0,9518.0,10190.0,9930.0,9794.0,8515.0,12221.0,12690.0,12345.0,11587.0,10582.0
total_debt,5708.0,5479.0,5729.0,5763.0,5663.0,5990.0,7397.0,7890.0,7624.0,7782.0,6198.0
cash,1476.0,1132.0,1043.0,801.0,908.0,1539.0,1088.0,1227.0,902.0,810.0,801.0
net_debt,4232.0,4347.0,4686.0,4962.0,4755.0,4451.0,6309.0,6663.0,6722.0,6972.0,5397.0
op_lease_liab,0.0,0.0,0.0,0.0,867.0,882.0,1023.0,1020.0,1025.0,1004.0,1058.0
pension_benefit_liab,1468.0,1460.0,1515.0,1345.0,1334.0,1470.0,1445.0,998.0,974.0,789.0,787.0
nci,222.0,218.0,247.0,206.0,194.0,181.0,185.0,166.0,169.0,142.0,170.0
equity_parent,3920.0,4507.0,4603.0,4864.0,4351.0,3078.0,4999.0,5300.0,4668.0,4681.0,3233.0
shares_ye_m,267.0,252.0,240.0,232.0,233.0,233.0,282.0,283.0,284.0,285.0,286.0
shares_diluted_wavg_m,273.0,266.0,253.0,239.0,233.0,234.0,264.0,286.0,285.0,288.0,288.0
dps,0.25,0.31,0.44,0.58,0.64,0.16,0.0,0.0,0.0,0.0,0.0
dta_valuation_allowance,621.0,326.0,318.0,317.0,982.0,1469.0,1044.0,1072.0,1275.0,1252.0,2734.0
price_ye,32.67,30.87,32.31,20.41,15.56,10.91,21.32,10.15,14.32,9.0,8.76
roic_pre_tax_soi,0.21961295933898672,0.21329343876896772,0.15790541911913944,0.12664015904572565,0.09582234840803082,-0.0015293025288109672,0.12422839506172839,0.10244470314318975,0.07533453165568205,0.10880829015544041,0.09535838332807073
roic_nopat_norm,0.13560013046314418,0.13448386407351998,0.09902070225289222,0.07902584493041749,0.05209389576150882,-0.02072751106013436,0.06785300925925926,0.05816707478623901,0.03702816057519473,0.06418184857095102,0.05000225540168704
market_cap,8722.890000000001,7779.240000000001,7754.400000000001,4735.12,3625.48,2542.03,6012.24,2872.4500000000003,4066.88,2565.0,2505.36
ev,13176.890000000001,12344.240000000002,12687.400000000001,9903.119999999999,8574.48,7174.030000000001,12506.24,9701.45,10957.880000000001,9679.0,8072.360000000001
ev_to_adj_ebitda,5.247666268418957,4.831405088062623,5.684318996415771,4.981448692152917,5.2604171779141105,9.489457671957673,6.345124302384576,4.664158653846155,6.194392312040701,4.354026090868196,4.173919338159256
ev_to_sales,0.8013677552758013,0.8143712890882703,0.8250894192625351,0.6399431340872375,0.5815178026449643,0.5822603684765848,0.7155418240073235,0.4663037731314588,0.5460918967407555,0.5127132111452485,0.44159518599562364
price_to_book,2.225227040816327,1.7260350565786555,1.6846404518792093,0.9735032894736841,0.833252125948058,0.8258706952566602,1.2026885377075414,0.5419716981132076,0.8712253641816624,0.5479598376415296,0.7749334982987938
net_debt_to_adj_ebitda,1.685384309040223,1.7013698630136986,2.099462365591398,2.495975855130785,2.9171779141104293,5.887566137566138,3.2009132420091326,3.2033653846153847,3.7998869417750143,3.136302294197031,2.7905894519131333
