year,units_americas,units_emea,units_apac,sales_americas,sales_emea,sales_apac,soi_americas,soi_emea,soi_apac,soi_total,corp_incentive,corp_retained_divested,corp_other,royalty_elim_in_other,gf_costs_in_other,asset_writeoffs_accel_dep,pension_settlement_corp,source
2015,79.1,61.1,26.0,9370,5115,1958,1266,435,319,2020,103,14,90,0,0,8,137,10-K 2016 (recast to Americas); corp items 10-K 2016
2016,74.1,61.1,30.9,8172,4880,2106,1151,472,373,1996,76,18,74,0,0,20,16,10-K 2016/2018 (2016 SOI recast for ASU 2017-07 in 10-K 2018)
2017,70.9,57.1,31.2,8212,4928,2237,847,367,342,1556,33,13,59,0,0,40,19,10-K 2018 recast (orig 1522)
2018,70.9,57.8,30.5,8168,5090,2217,654,363,257,1274,13,9,42,0,0,4,0,10-K 2018/2019
2019,70.4,55.1,29.8,7922,4708,2115,550,202,193,945,50,10,50,0,0,15,0,10-K 2019/2020
2020,56.7,44.5,24.8,6556,4020,1745,9,-72,49,-14,44,8,37,0,0,105,0,10-K 2020/2021
2021,85.9,52.7,30.7,10051,5243,2184,914,239,135,1288,87,12,101,0,0,1,0,10-K 2021/2022 (Cooper consolidated from Jun-2021)
2022,95.0,55.1,34.4,12766,5645,2394,1094,61,121,1276,56,14,115,25,0,37,0,10-K 2022/2023
2023,87.3,49.9,36.1,11993,5606,2467,749,-8,202,943,70,18,149,27,35,36,0,10-K 2025 restated (Turkey remeasurement); orig 968
2024,81.6,48.9,36.1,11033,5425,2420,933,92,277,1302,62,15,175,19,105,146,0,10-K 2025 restated; orig 1318
2025,78.2,47.9,32.6,10768,5550,1962,735,114,208,1057,69,13,163,62,15,160,0,10-K 2025
