nct,title,acronym,phase,status,start,pcd,enroll,sponsor,conds,interventions
NCT03076385,"Safety, Tolerability, and Immunogenicity of VAL-506440 in Healthy Adult Subjects",,PHASE1,COMPLETED,2015-12,2018-10,201,"ModernaTX, Inc.",Influenza,VAL-506440; Placebo
NCT03345043,"Safety, Tolerability, and Immunogenicity of VAL-339851 in Healthy Adult Subjects",,PHASE1,COMPLETED,2016-05-11,2018-08-13,156,"ModernaTX, Inc.",Influenza,VAL-339851; Placebo
NCT02872025,Immunotherapy in High-risk Ductal Carcinoma in Situ (DCIS),,EARLY_PHASE1,ACTIVE_NOT_RECRUITING,2016-12-12,2026-03-31,42,Laura Esserman,"Carcinoma, Intraductal, Noninfiltrating",Pembrolizumab; Intralesional mRNA 2752
NCT03014089,"Safety, Tolerability, and Immunogenicity of mRNA-1325 in Healthy Adult Subjects",,PHASE1,COMPLETED,2016-12-21,2019-07-31,90,"ModernaTX, Inc.",Zika Virus,mRNA-1325; Placebo
NCT03325075,"Safety, Tolerability, and Immunogenicity of VAL-181388 in Healthy Participants",,PHASE1,COMPLETED,2017-07-19,2019-03-19,60,"ModernaTX, Inc.",Chikungunya Virus,VAL-181388; Placebo
NCT03313778,"Safety, Tolerability, and Immunogenicity of mRNA-4157 Alone and in Combination in Participants With Solid Tumors",KEYNOTE-603,PHASE1,ACTIVE_NOT_RECRUITING,2017-08-14,2027-11-21,161,"ModernaTX, Inc.",Solid Tumors,mRNA-4157; Pembrolizumab; SoC Treatment
NCT03323398,Dose Escalation and Efficacy Study of mRNA-2416 for Intratumoral Injection Alone and in Combination With Durvalumab for Participants With Advanced Malignancies,,PHASE1/PHASE2,TERMINATED,2017-08-15,2021-08-18,79,"ModernaTX, Inc.",Relapsed/Refractory Solid Tumor Malignancies or Lymphoma; Ovarian Cancer,mRNA-2416; Durvalumab
NCT03382405,"Safety, Reactogenicity, and Immunogenicity of Cytomegalovirus Vaccines mRNA-1647 and mRNA-1443 in Healthy Adults",,PHASE1,COMPLETED,2017-11-13,2020-10-28,181,"ModernaTX, Inc.",Cytomegalovirus Infection,mRNA-1647; mRNA-1443; Placebo
NCT03392389,"Safety, Reactogenicity, and Immunogenicity of mRNA-1653 in Healthy Adults",,PHASE1,COMPLETED,2017-12-04,2019-07-29,124,"ModernaTX, Inc.",Human Metapneumovirus and Human Parainfluenza Infection,mRNA-1653; Placebo
NCT03484767,"""The MaP Study"": Mapping the Patient Journey in MMA and PA",,,COMPLETED,2018-03-20,2021-05-29,97,"ModernaTX, Inc.",Methylmalonic Acidemia; Propionic Acidemia,
NCT03739931,Dose Escalation Study of mRNA-2752 for Intratumoral Injection to Participants in Advanced Malignancies,,PHASE1,COMPLETED,2018-11-27,2025-08-01,134,"ModernaTX, Inc.","Dose Escalation: Relapsed/Refractory Solid Tumor Malignancies or Lymphoma; Dose Expansion: Triple Negative Breast Cancer, HNSCC, Non-Hodgkins, Urothelial Cancer, Immune Checkpoint Refractory Melanoma, and NSCLC Lymphoma",mRNA-2752; Durvalumab
NCT03829384,"Safety, Tolerability, Pharmacokinetics, and Pharmacodynamics of mRNA-1944 in Healthy Adults",,PHASE1,COMPLETED,2019-01-22,2021-06-07,39,"ModernaTX, Inc.",Prevention of Chikungunya Virus Infection,mRNA-1944; Placebo
NCT03810690,Open Label Study of mRNA-3704 in Patients With Isolated Methylmalonic Acidemia,,PHASE1/PHASE2,WITHDRAWN,2019-05-28,2020-08-18,0,"ModernaTX, Inc.","Methylmalonic Acidemia (MMA); Metabolism, Inborn Errors",mRNA-3704
NCT03948763,A Study of mRNA-5671/V941 as Monotherapy and in Combination With Pembrolizumab (V941-001),,PHASE1,TERMINATED,2019-06-26,2022-08-25,70,Merck Sharp & Dohme LLC,"Neoplasms; Carcinoma, Non-Small-Cell Lung; Pancreatic Neoplasms",V941; Pembrolizumab
NCT03897881,An Efficacy Study of Adjuvant Treatment With the Personalized Cancer Vaccine mRNA-4157 and Pembrolizumab in Participants With High-Risk Melanoma (KEYNOTE-942),,PHASE2,ACTIVE_NOT_RECRUITING,2019-07-18,2032-11-21,267,"ModernaTX, Inc.",Melanoma,mRNA-4157; Pembrolizumab
NCT04064905,"Safety, Tolerability, and Immunogenicity of Zika Vaccine mRNA-1893 in Healthy Flavivirus Seropositive and Seronegative Adults",,PHASE1,COMPLETED,2019-07-30,2021-03-22,120,"ModernaTX, Inc.",Zika Virus,mRNA-1893; Placebo
NCT04144348,"Safety and Immunogenicity of mRNA-1653, a Combined Human Metapneumovirus (hMPV) and Parainfluenza Virus Type 3 (PIV3) Vaccine, in Healthy Adults, and Children 12 to 59 Months of Age With Serologic Evidence of Prior Exposure",,PHASE1,COMPLETED,2019-11-04,2022-12-20,51,"ModernaTX, Inc.",Human Metapneumovirus and Human Parainfluenza Infection,mRNA-1653; Placebo
NCT04232280,Dose-Finding Trial to Evaluate the Safety and Immunogenicity of Cytomegalovirus (CMV) Vaccine mRNA-1647 in Healthy Adults,,PHASE2,COMPLETED,2020-01-09,2023-01-04,315,"ModernaTX, Inc.",Cytomegalovirus Infection,mRNA-1647; Placebo
NCT04283461,Safety and Immunogenicity Study of 2019-nCoV Vaccine (mRNA-1273) for Prophylaxis of SARS-CoV-2 Infection (COVID-19),,PHASE1,COMPLETED,2020-03-16,2022-04-26,120,National Institute of Allergy and Infectious Diseases (NIAID),COVID-19; COVID-19 Immunisation,mRNA-1273
NCT04405076,"Dose-Confirmation Study to Evaluate the Safety, Reactogenicity, and Immunogenicity of mRNA-1273 COVID-19 Vaccine in Adults Aged 18 Years and Older",,PHASE2,COMPLETED,2020-05-29,2021-10-28,660,"ModernaTX, Inc.",SARS-CoV-2,Biological: mRNA-1273; Placebo; mRNA-1273.351
NCT04470427,"A Study to Evaluate Efficacy, Safety, and Immunogenicity of mRNA-1273 Vaccine in Adults Aged 18 Years and Older to Prevent COVID-19",,PHASE3,COMPLETED,2020-07-27,2022-12-29,30415,"ModernaTX, Inc.",SARS-CoV-2,mRNA-1273; Placebo
NCT04528719,"A Dose Escalation Study to Evaluate Safety, Reactogenicity, and Immunogenicity of mRNA-1345 in Healthy Adults and in Children Who Are Respiratory Syncytial Virus (RSV)-Seropositive",,PHASE1,COMPLETED,2020-09-30,2024-07-18,651,"ModernaTX, Inc.",Respiratory Syncytial Virus,mRNA-1345; Placebo
NCT04649151,"A Study to Evaluate the Safety, Reactogenicity, and Effectiveness of mRNA-1273 Vaccine in Adolescents 12 to <18 Years Old to Prevent COVID-19",TeenCove,PHASE2/PHASE3,COMPLETED,2020-12-09,2024-06-14,4328,"ModernaTX, Inc.",SARS-CoV-2,mRNA-1273; Placebo; mRNA-1273.222
NCT05933304,A Study of the Effectiveness of Moderna COVID-19 Vaccine,,,COMPLETED,2020-12-18,2023-11-17,927004,"ModernaTX, Inc.",SARS-CoV-2; COVID-19,
NCT04813796,"A Study to Evaluate Safety, Reactogenicity, and Immunogenicity of mRNA-1283 and mRNA-1273 Vaccines in Healthy Adults Between 18 Years and 55 Years of Age to Prevent COVID-19",,PHASE1,COMPLETED,2021-03-11,2023-07-25,104,"ModernaTX, Inc.",SARS-CoV-2,mRNA-1283; mRNA-1273; Placebo
NCT04796896,A Study to Evaluate Safety and Effectiveness of mRNA-1273 COVID-19 Vaccine in Healthy Children Between 6 Months of Age and Less Than 12 Years of Age,,PHASE2/PHASE3,COMPLETED,2021-03-15,2024-03-15,11942,"ModernaTX, Inc.",SARS-CoV-2,mRNA-1273; Placebo; mRNA-1273.214
NCT04785144,Safety and Immunogenicity Study of a SARS-CoV-2 (COVID-19) Variant Vaccine (mRNA-1273.351) in Naïve and Previously Vaccinated Adults,,PHASE1,COMPLETED,2021-03-31,2022-07-05,135,National Institute of Allergy and Infectious Diseases (NIAID),COVID-19; COVID-19 Immunisation,mRNA-1273; mRNA-1273.351
NCT04159103,Open-Label Study of mRNA-3927 in Participants With Propionic Acidemia,,PHASE1/PHASE2,RECRUITING,2021-04-15,2027-08-31,77,"ModernaTX, Inc.",Propionic Acidemia,mRNA-3927
NCT04860297,A Study to Evaluate Safety and Immunogenicity of mRNA-1273 Vaccine to Prevent COVID-19 in Adult Organ Transplant Recipients and in Healthy Adult Participants,,PHASE3,COMPLETED,2021-04-16,2023-05-22,234,"ModernaTX, Inc.",SARS-CoV-2,mRNA-1273
NCT04805125,Immunocompromised Swiss Cohorts Based Trial Platform,COVERALL,PHASE3,COMPLETED,2021-04-19,2023-09-23,610,"University Hospital, Basel, Switzerland",Immunocompromised Patients,"Moderna COVID-19 Vaccine, mRNA-1273 (100 μg); Pfizer-BioNTech COVID-19 Vaccine BNT162b2 (30 µg)( Comirnaty®)"
NCT04927065,A Study to Evaluate the Immunogenicity and Safety of mRNA Vaccine Boosters for SARS-CoV-2 (COVID-19) Variants,,PHASE2/PHASE3,COMPLETED,2021-05-28,2023-11-17,5161,"ModernaTX, Inc.",SARS-CoV-2,mRNA-1273.211; mRNA-1273; mRNA-1273.617.2; mRNA-1273.213
NCT04917861,A Study of Zika Vaccine mRNA-1893 in Adult Participants Living in Endemic and Non-Endemic Flavivirus Areas,,PHASE2,COMPLETED,2021-06-07,2024-07-26,808,"ModernaTX, Inc.",Zika Virus,mRNA-1893; Placebo
NCT04975893,A Long-Term Extension Study to Evaluate the Immunogenicity and Safety of Cytomegalovirus (CMV) mRNA-1647 Vaccine,,PHASE2,COMPLETED,2021-06-18,2026-01-19,135,"ModernaTX, Inc.",Cytomegalovirus Infection,mRNA-1647; mRNA-1647
NCT04956575,A Study of mRNA-1010 Seasonal Influenza Vaccine in Healthy Adults,,PHASE1/PHASE2,COMPLETED,2021-07-06,2022-09-27,885,"ModernaTX, Inc.",Seasonal Influenza,mRNA-1010; Placebo; Active Comparator
NCT04958954,Post-Marketing Safety Study of Severe Acute Respiratory Syndrome Coronavirus 2 (SARS-CoV-2) mRNA-1273 COVID-19 Vaccine in the United States,,,COMPLETED,2021-07-07,2022-08-31,50000000,"ModernaTX, Inc.",SARS-CoV-2,
NCT04916431,"A Study to Evaluate the Safety, Tolerability, Pharmacokinetics, and Pharmacodynamics of mRNA-6231 in Healthy Adults",,PHASE1,COMPLETED,2021-07-28,2022-08-02,18,"ModernaTX, Inc.",Healthy Volunteers,mRNA-6231
NCT04899310,"A Study to Assess the Safety, Pharmacokinetics, and Pharmacodynamics of mRNA-3705 in Participants With Isolated Methylmalonic Acidemia",,PHASE1/PHASE2,TERMINATED,2021-08-06,2026-04-01,18,"ModernaTX, Inc.",Methylmalonic Acidemia,mRNA-3705; Placebo
NCT04958304,Moderna COVID-19 Vaccine mRNA-1273 Observational Pregnancy Outcome Study,,,TERMINATED,2021-09-01,2023-09-22,20,"ModernaTX, Inc.",SARS-CoV-2,
NCT05366322,A Study to Compare mRNA-1273 Versus BNT162b2 COVID-19 Vaccines Among Immunocompromised Adults,,,COMPLETED,2021-09-10,2022-02-04,124879,"ModernaTX, Inc.",SARS-CoV-2,
NCT05054218,COVID-19 Immunogenicity of a Third Dose of mRNA-1273 Vaccine Among Cancer Patients,,,COMPLETED,2021-09-10,2022-07-16,336,H. Lee Moffitt Cancer Center and Research Institute,Covid19; SARS-CoV2 Infection,mRNA-1273
NCT05085366,"A Study to Evaluate the Efficacy, Safety, and Immunogenicity of mRNA-1647 Cytomegalovirus (CMV) Vaccine in Healthy Participants 16 to 40 Years of Age",,PHASE3,TERMINATED,2021-10-26,2025-11-04,7454,"ModernaTX, Inc.",Cytomegalovirus Infection,mRNA-1647; Placebo
NCT05105048,"A Study to Evaluate the Safety, Reactogenicity, and Immunogenicity of Cytomegalovirus (CMV) Vaccine mRNA-1647",,PHASE1,COMPLETED,2021-11-08,2023-08-10,9,"ModernaTX, Inc.",Cytomegalovirus Infection,mRNA-1647; Placebo
NCT05130437,A Study to Assess the Long-term Safety and Clinical Activity of mRNA-3927 in Participants Previously Enrolled in the mRNA-3927-P101 Study,,PHASE1/PHASE2,RECRUITING,2021-11-09,2029-12-04,50,"ModernaTX, Inc.",Propionic Acidemia,mRNA-3927
NCT05001373,A Phase 1 Study to Evaluate the Safety and Immunogenicity of eOD-GT8 60mer mRNA Vaccine (mRNA-1644) and Core-g28v2 60mer mRNA Vaccine (mRNA-1644v2-Core),,PHASE1,UNKNOWN,2021-11-12,2023-06-20,56,International AIDS Vaccine Initiative,Hiv,Core-g28v2 60mer mRNA Vaccine; eOD-GT8 60mer mRNA Vaccine
NCT05127434,A Study to Evaluate the Safety and Efficacy of mRNA-1345 Vaccine Targeting Respiratory Syncytial Virus (RSV) in Adults ≥60 Years of Age,,PHASE2/PHASE3,COMPLETED,2021-11-17,2025-07-28,36814,"ModernaTX, Inc.",Respiratory Syncytial Virus,Placebo; mRNA-1345
NCT05137236,A Study to Evaluate the Immunogenicity and Safety of mRNA-1283 COVID-19 Vaccine Boosters,,PHASE2,COMPLETED,2021-12-06,2023-03-23,540,"ModernaTX, Inc.",SARS-CoV-2,mRNA-1283; mRNA-1283.211; mRNA-1273; mRNA-1283.529
NCT04941144,Long-Term Follow-up Survey of COVID-19 Vaccine After Vaccination,,,COMPLETED,2021-12-22,2023-04-28,8538,"ModernaTX, Inc.",Coronavirus Disease (COVID-19),COVID-19 Vaccine
NCT05164094,"A Study of an Epstein-Barr Virus (EBV) Candidate Vaccine, mRNA-1189, in 10- to 30-Year-Old Healthy Adolescents and Adults",,PHASE1/PHASE2,ACTIVE_NOT_RECRUITING,2021-12-28,2026-10-05,867,"ModernaTX, Inc.",Epstein-Barr Virus Infection,mRNA-1189; Placebo
NCT05249829,A Study to Evaluate the Immunogenicity and Safety of Omicron Variant Vaccines in Comparison With mRNA-1273 Booster Vaccine for COVID-19,,PHASE2/PHASE3,COMPLETED,2022-02-16,2023-06-23,3548,"ModernaTX, Inc.",SARS-CoV-2,mRNA-1273.529; mRNA-1273; mRNA-1273.214
NCT05295433,An Extension Study to Evaluate the Long-Term Safety and Clinical Activity of mRNA-3705 in Participants Previously Enrolled in Other Clinical Studies of mRNA-3705,,PHASE1/PHASE2,RECRUITING,2022-03-08,2034-04-02,56,"ModernaTX, Inc.",Methylmalonic Acidemia,mRNA-3705
NCT05280158,High-Dose Moderna mRNA-1273 Booster Study for Lung Transplant Recipients,,PHASE1/PHASE2,TERMINATED,2022-03-10,2023-02-27,19,"University of California, Los Angeles",Lung Transplant Recipient; SARS-CoV-2; Immunosuppression,mRNA-1273 (Moderna COVID-19 vaccine)
NCT05330975,A Study of mRNA-1345 Vaccine Targeting Respiratory Syncytial Virus (RSV) in Adults ≥50 Years of Age,RSVictory,PHASE3,COMPLETED,2022-04-01,2024-11-08,3317,"ModernaTX, Inc.",Respiratory Syncytial Virus,Placebo; mRNA-1345; Afluria® Quadrivalent; mRNA-1273.214
NCT05333289,A Study of mRNA-1020 and mRNA-1030 Seasonal Influenza Vaccines in Healthy Adults,,PHASE1/PHASE2,COMPLETED,2022-04-06,2022-11-22,572,"ModernaTX, Inc.",Seasonal Influenza,mRNA-1030; mRNA-1020; mRNA-1010; Active Comparator
NCT05367908,A Study to Determine Antibody Levels After Receiving COVID-19 Boosters of Any Kind,disCOVEries,,COMPLETED,2022-04-11,2022-08-14,1501,"ModernaTX, Inc.",SARS-CoV-2,
NCT06189053,A Study to Assess Long-term Outcomes of Myocarditis Following Administration of COVID-19 mRNA Vaccine (SPIKEVAX),,,ACTIVE_NOT_RECRUITING,2022-04-30,2027-10-31,1500,"ModernaTX, Inc.",Myocarditis,
NCT05375838,"A Safety, Reactogenicity, and Immunogenicity Study of mRNA-1073 (COVID-19/Influenza) Vaccine in Adults 18 to 75 Years Old",,PHASE1/PHASE2,COMPLETED,2022-05-13,2022-12-29,550,"ModernaTX, Inc.",SARS-CoV-2; Influenza,mRNA-1073; mRNA-1010; mRNA-1273; Placebo
NCT05397223,A Study of Modified mRNA Vaccines in Healthy Adults,,PHASE1,COMPLETED,2022-05-24,2026-02-27,308,"ModernaTX, Inc.",SARS-CoV-2; Seasonal Influenza; Respiratory Syncytial Virus,mRNA-1273; mRNA-1010; mRNA-1345; FLUAD®
NCT05414786,A Study to Evaluate the Safety and Immunogenicity of eOD-GT8 60mer mRNA Vaccine (mRNA-1644),,PHASE1,UNKNOWN,2022-05-25,2023-06-30,18,International AIDS Vaccine Initiative,HIV-1-infection,eOD-GT8 60mer mRNA Vaccine (100µg)
NCT05095727,A Study of mRNA-3745 in Adult and Pediatric Participants With Glycogen Storage Disease Type 1a (GSD1a),,PHASE1/PHASE2,ACTIVE_NOT_RECRUITING,2022-06-01,2026-11-30,15,"ModernaTX, Inc.",Glycogen Storage Disease,mRNA-3745
NCT05415462,A Study of mRNA-1010 Seasonal Influenza Vaccine in Adults,,PHASE3,COMPLETED,2022-06-06,2023-09-04,6102,"ModernaTX, Inc.",Seasonal Influenza,mRNA-1010; Fluarix Tetra
NCT05440318,Use of Wearable Digital Sensors After mRNA Vaccination in Adults,,,COMPLETED,2022-06-16,2023-02-07,62,"ModernaTX, Inc.",Healthy Participants,Wireless wearable digital devices
NCT05436834,A Study to Evaluate the Safety and Immunogenicity of the mRNA COVID-19 Vaccines in Healthy Children Between 6 Months to Less Than 6 Years of Age,,PHASE3,COMPLETED,2022-06-21,2025-10-20,1807,"ModernaTX, Inc.",SARS-CoV-2,mRNA-1273.214; mRNA-1273.815
NCT05398796,"Dose Escalation, Open-Label Clinical Trial to Evaluate Safety, Tolerability and Immunogenicity of a Nipah Virus (NiV) mRNA Vaccine, mRNA-1215, in Healthy Adults",,PHASE1,COMPLETED,2022-07-11,2024-09-17,40,National Institute of Allergy and Infectious Diseases (NIAID),Nipah Virus Infection,mRNA -1215
NCT05533697,Study of mRNA-4359 Administered Alone and in Combination With Immune Checkpoint Blockade in Participants With Advanced Solid Tumors,,PHASE1/PHASE2,RECRUITING,2022-09-01,2032-02-18,361,"ModernaTX, Inc.",Advanced Solid Tumors,mRNA-4359; Pembrolizumab; Ipilimumab; Nivolumab
NCT05383560,Safety and Immunogenicity of Omicron Variant-Matched Vaccine Booster in Adults,SH-MO-214,PHASE2,COMPLETED,2022-09-05,2024-01-31,179,Sheba Medical Center,COVID-19 Pandemic; Immunogenicity; SARS CoV 2 Infection,mRNA-1273.214 Vaccine; MRNA-1273 Vaccine; Placebo; MRNA-1273.222 Vaccine
NCT05566639,A Study of mRNA-1010 Seasonal Influenza Vaccine in Adults 50 Years Old and Older,,PHASE3,COMPLETED,2022-09-14,2024-01-05,22502,"ModernaTX, Inc.",Seasonal Influenza,mRNA-1010; Fluarix Quadrivalent
NCT05572658,Moderna Vaccine mRNA-1345 Observational Respiratory Syncytial Virus (RSV) Study,ROSE,,COMPLETED,2022-09-15,2023-09-30,10994,"ModernaTX, Inc.",Respiratory Syncytial Virus,mRNA-1345; Placebo
NCT05584202,"Study to Evaluate the Safety, Reactogenicity, and Effectiveness of mRNA-1273.214 SARS-CoV-2 (COVID-19) Vaccine in Infants",BabyCOVE,PHASE2,TERMINATED,2022-09-30,2024-11-15,68,"ModernaTX, Inc.",SARS-CoV-2,mRNA-1273.214; Placebo
NCT05585632,"A Safety, Reactogenicity, and Immunogenicity Study of mRNA-1045 (Influenza and Respiratory Syncytial Virus [RSV]) or mRNA-1230 (Influenza, RSV, and Severe Acute Respiratory Syndrome Coronavirus 2 [SARS-CoV-2]) Vaccine in Adults 50 to 75 Years Old",,PHASE1,COMPLETED,2022-10-14,2024-02-28,392,"ModernaTX, Inc.",SARS-CoV-2; Influenza; RSV,mRNA-1010; mRNA-1345; mRNA-1273.214; mRNA-1045
NCT05606965,"A Study to Evaluate the Safety, Reactogenicity, and Immunogenicity of mRNA-1010 in Healthy Adults",,PHASE2,COMPLETED,2022-11-02,2025-11-13,172,"ModernaTX, Inc.",Influenza,mRNA-1010; Egg-based Quadrivalent Influenza Vaccine; Adjuvanted Quadrivalent Influenza Vaccine; Inactivated Influenza Vaccine
NCT05575492,A Study of mRNA-1647 Cytomegalovirus Vaccine in Healthy Participants 9 to 15 Years of Age and Participants 16 to 25 Years of Age,,PHASE1/PHASE2,COMPLETED,2022-11-07,2026-05-12,873,"ModernaTX, Inc.",Cytomegalovirus,mRNA-1647; Placebo
NCT05894499,Post-Marketing Safety Study in Japan of Shock and Anaphylaxis After Severe Acute Respiratory Syndrome Coronavirus 2 (SARS-CoV-2) mRNA-1273 COVID-19 Vaccine in Persons in at High Risk of Severe COVID-19,,,COMPLETED,2022-11-15,2023-05-26,13309,"ModernaTX, Inc.",SARS-CoV-2,
NCT05894590,Post-Marketing Non-Acute Safety Study in Japan After Severe Acute Respiratory Syndrome Coronavirus 2 (SARS-CoV-2) mRNA-1273 COVID-19 Vaccine in Persons at High Risk of Severe COVID-19,,,COMPLETED,2022-11-15,2023-12-20,13680,"ModernaTX, Inc.",SARS-CoV-2,
NCT05894525,Post-Marketing Safety Study in Japan in Participants With High Risk of Severe Exacerbation of Severe Acute Respiratory Syndrome Coronavirus 2 (SARS-CoV-2) mRNA-1273 COVID-19 Vaccine,,,COMPLETED,2022-11-15,2023-05-26,8844,"ModernaTX, Inc.",SARS-CoV-2,
NCT05659264,A Study to Evaluate the Safety of mRNA-0184 in Participants With Heart Failure,,PHASE1,COMPLETED,2022-12-05,2024-12-17,48,"ModernaTX, Inc.",Chronic Heart Failure,mRNA-0184; Placebo
NCT05794412,Mucosal Immunity: Influence on Infectious Viral Load: a Prospective Observational Study,MIViral,,COMPLETED,2023-01-10,2024-12-31,320,"University Hospital, Geneva",SARS-CoV-2 Infection; Influenza Viral Infections; Virus Shedding,No intervention
NCT05701800,"A Study to Evaluate the Safety, Reactogenicity, and Immunogenicity of mRNA-1468 in Healthy Adults ≥50 Years of Age",,PHASE1,TERMINATED,2023-01-23,2025-12-31,659,"ModernaTX, Inc.",Herpes Zoster,mRNA-1468; Placebo; Shingrix
NCT05743881,"A Safety, Tolerability, and Immunogenicity Study of mRNA-1345 and mRNA-1365 in Participants Aged 5 Months to <24 Months",,PHASE1,ACTIVE_NOT_RECRUITING,2023-02-15,2029-08-31,186,"ModernaTX, Inc.",Respiratory Syncytial Virus; Human Metapneumovirus,mRNA-1345; mRNA-1365; Placebo; Nimenrix
NCT06369272,Study to Assess Maternal and Infant Outcomes Following Exposure to SPIKEVAX During Pregnancy,,,COMPLETED,2023-03-01,2023-10-20,1192,"ModernaTX, Inc.",Maternal Outcomes; Infant Outcomes; Pregnancy,
NCT05765578,An Observational Study of Moderna COVID-19 Bivalent Vaccines (Original and Omicron BA.4/BA.5) and 2023 Updated mRNA COVID-19 Vaccines (XBB.1.5),,,COMPLETED,2023-03-08,2024-06-17,1713,"ModernaTX, Inc.",COVID-19,Moderna COVID-19 Vaccine; Moderna mRNA1273.222 Booster; Pfizer COVID-19 Vaccine; Moderna 2023 Updated COVID-19 vaccine (XBB.1.5)
NCT06333704,"Post-marketing Surveillance (PMS) Use-Result Surveillance With SPIKEVAX BIVALENT, SPIKEVAX X Injection, SPIKEVAX JN Injection and SPIKEVAX IN PRE-FILLED SYRINGE",,,ACTIVE_NOT_RECRUITING,2023-03-10,2029-03-29,4207,"ModernaTX, Inc.",SARS-CoV-2,SPIKEVAX Bivalent BA.1; SPIKEVAX Bivalent BA.4/5; SPIKEVAX XBB.1.5; SPIKEVAX JN.1
NCT05827068,"A Study of mRNA-1011.1, mRNA-1011.2, and mRNA-1012.1 Candidate Seasonal Influenza Vaccines in Healthy Adults",,PHASE1/PHASE2,COMPLETED,2023-03-27,2023-11-20,698,"ModernaTX, Inc.",Seasonal Influenza,mRNA-1011.1; mRNA-1011.2; mRNA-1012.1; mRNA-1010
NCT05815498,A Study of mRNA-1283 Injection Compared With mRNA-1273 Injection in Participants ≥12 Years of Age to Prevent COVID-19,NextCOVE,PHASE3,COMPLETED,2023-03-28,2025-04-12,13553,"ModernaTX, Inc.",COVID-19,mRNA-1283.222; mRNA-1273.222; mRNA-1283.815; mRNA-1273.815
NCT06113692,"A Study on the Clinical Course, Outcomes and Risk Factors of Myocarditis and Pericarditis After Moderna COVID-19 Vaccine",,,COMPLETED,2023-03-31,2024-08-31,1169,"ModernaTX, Inc.","Myocarditis, Pericarditis",mRNA-1273
NCT05683457,"A Study to Evaluate the Efficacy, Safety, and Immunogenicity of mRNA-1647 Cytomegalovirus (CMV) Vaccine in Allogenic Hematopoietic Cell Transplantation (HCT) Participants.",,PHASE2,ACTIVE_NOT_RECRUITING,2023-04-05,2027-03-06,84,"ModernaTX, Inc.",Cytomegalovirus Infection,mRNA-1647; Placebo
NCT05831111,"A Study of an Epstein-Barr Virus (EBV) Candidate Vaccine, mRNA-1195, in 18- to 55-Year-Old Healthy Participants",,PHASE1,ACTIVE_NOT_RECRUITING,2023-04-05,2026-10-13,482,"ModernaTX, Inc.",Epstein-Barr Virus Infection,mRNA-1195.1; mRNA-1195.2; mRNA-1189; Placebo
NCT05827926,A Study of mRNA-based Influenza and SARS-CoV-2 (COVID-19) Multi-component Vaccines in Healthy Adults,,PHASE1/PHASE2,COMPLETED,2023-04-14,2024-12-03,1758,"ModernaTX, Inc.",SARS-CoV-2; Influenza,Influenza Vaccine 1; mRNA-1083.1; mRNA-1083.2; mRNA-1083.3
NCT06130345,Post-marketing Safety of Elasomeran/Davesomeran and Andusomeran,,,COMPLETED,2023-04-14,2024-02-29,15196685,"ModernaTX, Inc.",SARS-CoV-2,SPIKEVAX
NCT05827978,Study of mRNA-1010 Seasonal Influenza Vaccine in Adults,IGNITE P303,PHASE3,COMPLETED,2023-04-17,2024-06-24,8411,"ModernaTX, Inc.",Seasonal Influenza,mRNA-1010; Licensed Quadrivalent Inactivated Seasonal Influenza Vaccine
NCT05868382,"Study to Evaluate the Safety, Reactogenicity, and Immunogenicity of mRNA Vaccine Candidate Variations in Healthy Adults",,PHASE2,COMPLETED,2023-05-15,2023-12-19,270,"ModernaTX, Inc.",Influenza,mRNA-1010; mRNA-1010.4; mRNA-1010.6
NCT05769621,A Retrospective Study to Characterize Participants With Propionic Acidemia,,,RECRUITING,2023-06-16,2026-09-30,60,"ModernaTX, Inc.",Propionic Acidemia,
NCT05972174,A Study of mRNA-1018 Pandemic Influenza Candidate Vaccines in Healthy Adults,,PHASE1/PHASE2,COMPLETED,2023-07-10,2024-07-16,1504,"ModernaTX, Inc.",Influenza,mRNA-1018 for H5N8; mRNA-1018 for H7N9; mRNA-1018 for H5 Only; mRNA-1018 for H7 Only
NCT05933577,A Clinical Study of Intismeran Autogene (V940) Plus Pembrolizumab in People With High-Risk Melanoma (V940-001),,PHASE3,ACTIVE_NOT_RECRUITING,2023-07-19,2029-10-26,1089,Merck Sharp & Dohme LLC,Melanoma,Intismeran autogene; Pembrolizumab; Placebo
NCT05975099,A Study to Evaluate the Safety and Immunogenicity of mRNA-1975 and mRNA-1982 Against Lyme Disease in Participants 18 Through 70 Years of Age,,PHASE1/PHASE2,COMPLETED,2023-07-26,2025-05-30,807,"ModernaTX, Inc.",Lyme Disease,mRNA-1975; mRNA-1982; Placebo
NCT06522880,Cytomegalovirus (CMV) Transmission and Immune Tracking (TransmIT) Study,,,WITHDRAWN,2023-08-10,2027-01-31,0,"University of Massachusetts, Worcester",Cytomegalovirus Infections,CMV PCR on saliva
NCT05918250,mRNA-2736 for Participants With Relapsed or Refractory Multiple Myeloma (RRMM),,PHASE1,WITHDRAWN,2023-08-15,2026-05-27,0,"ModernaTX, Inc.",Relapsed or Refractory Multiple Myeloma,mRNA-2736
NCT05995275,"A Study to Investigate The Safety, Tolerability, And Immune Response of a Range of Doses of mRNA-1769 Compared With Placebo in Healthy Participants From ≥18 Years of Age to <50 Years of Age",,PHASE1/PHASE2,COMPLETED,2023-08-15,2025-07-08,351,"ModernaTX, Inc.",Smallpox; Mpox,mRNA-1769; Placebo
NCT05992935,"Study to Evaluate the Safety, Reactogenicity, and Immunogenicity of mRNA-1403 and mRNA-1405 to Prevent Norovirus Acute Gastroenteritis in Healthy Adults 18 to 80 Years of Age",,PHASE1/PHASE2,ACTIVE_NOT_RECRUITING,2023-08-25,2026-09-22,1407,"ModernaTX, Inc.",Norovirus Acute Gastroenteritis,mRNA-1403; mRNA-1405; Placebo
NCT06033261,"A Study of mRNA-1608, a Herpes Simplex Virus -2 (HSV-2) Therapeutic Candidate Vaccine, in Healthy Adults 18 to 55 Years of Age With Recurrent HSV-2 Genital Herpes",,PHASE1/PHASE2,COMPLETED,2023-09-06,2025-04-25,303,"ModernaTX, Inc.",Genital Herpes,mRNA-1608; BEXSERO
NCT06060457,"A Study to Evaluate the Safety and Immune Response of mRNA-1345, a Vaccine Targeting Respiratory Syncytial Virus (RSV), When Co-administered With a Fluzone HD, in Adults ≥65 Years of Age",,PHASE3,COMPLETED,2023-09-25,2024-06-07,1900,"ModernaTX, Inc.",Respiratory Syncytial Virus,Placebo; mRNA-1345; Fluzone HD
NCT06067230,A Study to Investigate the Immunogenicity and Safety of mRNA-1345 Vaccine Targeting Respiratory Syncytial Virus (RSV) in High-risk Adults,,PHASE3,COMPLETED,2023-10-06,2026-07-24,1153,"ModernaTX, Inc.",Respiratory Syncytial Virus,mRNA-1345
NCT06097273,"A Study of mRNA-1083 (SARS-CoV-2 and Influenza) Vaccine in Healthy Adult Participants, ≥50 Years of Age",,PHASE3,COMPLETED,2023-10-19,2024-05-28,8061,"ModernaTX, Inc.",SARS-CoV-2; Influenza,mRNA-1083; Placebo; Influenza Vaccine; COVID-19 Vaccine
NCT06097299,"A Study of mRNA-1345, an mRNA Vaccine Targeting Respiratory Syncytial Virus, in Children 2 to <18 Years of Age at High Risk of Respiratory Syncytial Virus",,PHASE2,COMPLETED,2023-10-24,2025-06-27,349,"ModernaTX, Inc.",Respiratory Syncytial Virus,mRNA-1345; Placebo
NCT06143046,A Study of mRNA-1345 Vaccine Targeting Respiratory Syncytial Virus in Pregnant Women and in Infants Born to Vaccinated Mothers,,PHASE2,COMPLETED,2023-11-15,2026-05-25,360,"ModernaTX, Inc.",Respiratory Syncytial Virus,mRNA-1345; Placebo
NCT06077760,A Study of Intismeran Autogene (V940) Plus Pembrolizumab (MK-3475) Versus Placebo Plus Pembrolizumab in Participants With Non-small Cell Lung Cancer (V940-002),INTerpath-002,PHASE3,ACTIVE_NOT_RECRUITING,2023-12-06,2030-06-25,868,Merck Sharp & Dohme LLC,Non-small Cell Lung Cancer,Intismeran autogene; Pembrolizumab; Placebo
NCT05831787,COVID19 OutcomeS in Myeloma and the Impact of VaCcines,COSMIC,,COMPLETED,2024-01-23,2024-12-31,201,ASH Research Collaborative,Multiple Myeloma,Patient Reported Outcomes
NCT06133010,A Study of mRNA-1647 Cytomegalovirus Vaccine in Liver Transplant Candidates and Recipients,,PHASE2,WITHDRAWN,2024-02-08,2027-02-14,0,"ModernaTX, Inc.",Cytomegalovirus Infection,mRNA-1647; Placebo
NCT06243770,Study to Investigate Safety and Tolerability of mRNA-0184 Administered Under Different Infusion Conditions in Healthy Participants,,PHASE1,COMPLETED,2024-02-16,2025-06-12,44,"ModernaTX, Inc.",Healthy Participants,mRNA-0184
NCT06305767,A Clinical Study of Intismeran Autogene (V940) Treatment and Pembrolizumab in People With Bladder Cancer (V940-005/INTerpath-005),,PHASE1/PHASE2,ACTIVE_NOT_RECRUITING,2024-03-28,2027-04-23,230,Merck Sharp & Dohme LLC,Bladder Cancer,Pembrolizumab; Intismeran autogene; Placebo; Enfortumab Vedotin
NCT06147856,A Dose-finding Study to Evaluate mRNA-3210 in Participants With Phenylketonuria,,PHASE1/PHASE2,WITHDRAWN,2024-03-29,2026-08-10,0,"ModernaTX, Inc.",Phenylketonuria,mRNA-3210
NCT06354998,A Study of an Investigational mRNA-1273.815 COVID-19 Vaccine in Previously Vaccinated Adults,,PHASE3,COMPLETED,2024-04-08,2024-05-10,217,"ModernaTX, Inc.",SARS-CoV-2,Investigational mRNA-1273.815; Licensed Spikevax Vaccine
NCT06307431,A Study of Adjuvant Intismeran Autogene (V940) and Pembrolizumab in Renal Cell Carcinoma (V940-004).,INTerpath-004,PHASE2,ACTIVE_NOT_RECRUITING,2024-04-10,2028-01-08,272,Merck Sharp & Dohme LLC,Renal Cell Carcinoma,Intismeran autogene; Pembrolizumab; Placebo
NCT06295809,A Study of (Neo)Adjuvant Intismeran Autogene (V940) and Pembrolizumab in Cutaneous Squamous Cell Carcinoma (V940-007),INTerpath-007,PHASE2/PHASE3,TERMINATED,2024-04-18,2026-03-05,46,Merck Sharp & Dohme LLC,"Carcinoma, Squamous Cell; Skin Neoplasms",Pembrolizumab; Intismeran autogene; Surgery
NCT06508320,A Clinical Study to Investigate the Safety and Immunogenicity in Relation to Product Attributes of mRNA-1083 (Severe Acute Respiratory Syndrome Coronavirus 2 [SARS-CoV-2] and Influenza Vaccine),,PHASE2,COMPLETED,2024-07-15,2025-09-25,932,"ModernaTX, Inc.",Influenza; SARS-CoV-2,mRNA-1083
NCT06585241,A Study to Investigate the Immunogenicity and Safety of mRNA COVID-19 Variant-containing Vaccine Formulations,,PHASE4,RECRUITING,2024-09-09,2026-12-31,1144,"ModernaTX, Inc.",SARS-CoV-2,mRNA-1273 Variant-containing Formulation
NCT06602024,A Study of mRNA-1010 Compared With a Licensed Influenza Vaccine in Adults ≥50 Years of Age,,PHASE3,COMPLETED,2024-09-16,2025-08-21,40805,"ModernaTX, Inc.",Seasonal Influenza,mRNA-1010; Fluarix®; Influsplit® Tetra; Fluarix Tetra
NCT06592794,A Study to Investigate the Safety and Efficacy of mRNA-1403 in Participants ≥18 Years of Age for the Prevention of Acute Gastroenteritis,Nova 301,PHASE3,ACTIVE_NOT_RECRUITING,2024-09-24,2027-02-15,37864,"ModernaTX, Inc.",Acute Gastroenteritis; Norovirus Acute Gastroenteritis,mRNA-1403; Placebo
NCT06634797,A Study to Investigate Cardiac Troponin Levels After mRNA-1273.712 Vaccine in Participants 12 Through 30 Years of Age,,PHASE4,COMPLETED,2024-10-08,2025-01-20,1000,"ModernaTX, Inc.",Healthy Volunteers,mRNA-1273.712; Placebo
NCT06623422,A Study of Pembrolizumab (MK-3475) With or Without Intismeran Autogene (V940) in Participants With Non-small Cell Lung Cancer (V940-009/INTerpath-009),,PHASE3,RECRUITING,2024-10-21,2033-05-16,680,Merck Sharp & Dohme LLC,"Carcinoma, Non-Small-Cell Lung",Pembrolizumab; Cisplatin; Carboplatin; Pemetrexed
NCT06646406,Evaluation of a Multilevel Intervention on Adult COVID-19 and Influenza Vaccination Rate,,NA,COMPLETED,2024-10-21,2025-04-30,114165,Mayo Clinic,COVID-19 Immunisation; Influenza Vaccine,Patient letter and clinician communication
NCT06655870,A Study to Investigate Safety and Tolerability of mRNA-0184 Administered Subcutaneously in Healthy Participants,,PHASE1,RECRUITING,2024-10-31,2026-12-16,42,"ModernaTX, Inc.",Healthy Participants,mRNA-0184
NCT06694389,"Study to Investigate the Immunogenicity, Reactogenicity, and Safety of mRNA-1083 Vaccine (SARS-CoV-2 [COVID-19] and Influenza) in Adults ≥50 Years of Age",,PHASE3,COMPLETED,2024-11-18,2025-11-17,2457,"ModernaTX, Inc.",COVID-19; Influenza,mRNA-1083; Placebo; Licensed Influenza Vaccine; SARS-CoV-2 Vaccine
NCT06864143,"A Study to Investigate the Immunogenicity, Reactogenicity, and Safety of mRNA-1083 (Influenza and COVID-19) Vaccine in Adults ≥18 to <65 Years of Age",,PHASE2,COMPLETED,2025-03-07,2025-10-13,1320,"ModernaTX, Inc.",Influenza; SARS-CoV-2,mRNA-1083 Composition 1 Dose A Lot A; mRNA-1083 Composition 1 Dose A Lot B; mRNA-1083 Composition 1 Dose B; mRNA-1083 Composition 1 Dose C
NCT06833073,A Clinical Study of Intismeran Autogene (V940) and BCG in People With Bladder Cancer (V940-011/INTerpath-011),,PHASE2,RECRUITING,2025-03-11,2031-09-03,308,Merck Sharp & Dohme LLC,Urinary Bladder Neoplasms; Non-Muscle Invasive Bladder Neoplasms; Carcinoma in Situ,Intismeran autogene; BCG
NCT06880549,A Study of mRNA-4106 or mRNA-4200 Administered Alone or in Combination With Anti-Cancer Agents in Participants With Solid Tumors,,PHASE1,RECRUITING,2025-03-25,2027-08-03,42,"ModernaTX, Inc.",Advanced Solid Tumors,mRNA-4106; Pembrolizumab; mRNA-4200
NCT06735248,A Study to Investigate Multiple Sclerosis Relapse Prevention With mRNA-1195 Compared With Placebo in Participants Aged 18 to ≤55 Years,,PHASE2,RECRUITING,2025-04-16,2029-01-08,180,"ModernaTX, Inc.",Multiple Sclerosis,mRNA-1195; Placebo
NCT06961006,A Clinical Study of Intismeran Autogene (V940) and Pembrolizumab (MK-3475) in People With Melanoma (V940-012/INTerpath-012),,PHASE2,RECRUITING,2025-05-29,2028-07-22,160,Merck Sharp & Dohme LLC,Malignant Melanoma,Intismeran autogene; Pembrolizumab; Placebo
NCT07089706,A Study to Evaluate the Immunogenicity and Safety of mRNA-1283 COVID-19 Variant-containing Formulations,,PHASE4,COMPLETED,2025-07-21,2026-06-16,832,"ModernaTX, Inc.",COVID-19,mRNA-1283.251 Variant-containing Formulation
NCT06946225,ACTengine® IMA203 Combined With mRNA-4203,,PHASE1,RECRUITING,2025-07-25,2029-08,15,"Immatics US, Inc.",Cutaneous Melanoma; Synovial Sarcoma,IMA203; mRNA-4203
NCT07117487,A Study of mRNA-1345 Following a Primary Dose of a Licensed Protein Subunit Respiratory Syncytial Virus (RSV) Vaccine in Adult Participants ≥60 Years of Age,,PHASE3,COMPLETED,2025-08-05,2026-03-27,507,"ModernaTX, Inc.",Respiratory Syncytial Virus,mRNA-1345
NCT07116616,A Study of mRNA-2808 in Participants With Relapsed or Refractory Multiple Myeloma,,PHASE1/PHASE2,RECRUITING,2025-09-30,2030-06-17,190,"ModernaTX, Inc.",Relapsed or Refractory Multiple Myeloma,mRNA-2808
NCT07266558,A Study to Evaluate the Efficacy and Safety of mRNA-1283 and mRNA-1273 in Participants 50 to 64 Years of Age Without High-Risk Conditions for Severe Coronavirus Disease 2019 (COVID-19),,PHASE4,ACTIVE_NOT_RECRUITING,2025-11-26,2027-06-16,30000,"ModernaTX, Inc.",SARS-CoV-2,mRNA-1273; mRNA-1283; Placebo
NCT07279766,Effectiveness of mRNA-1273 Variant-Containing Vaccine Formulation Against Severe Outcomes in Adults Aged 50-64 Years Without Risk Factors for Severe COVID-19,DAN-COVID,PHASE4,ACTIVE_NOT_RECRUITING,2025-12-11,2026-08,285000,Tor Biering-Sørensen,COVID-19,mRNA-1273 (Moderna COVID-19 vaccine)
NCT07221474,A Study of Intismeran Autogene (V940)/Placebo + Pembrolizumab and Chemotherapy in Metastatic Squamous Non-Small Cell Lung Cancer (V940-013),INTerpath-13,PHASE2,RECRUITING,2025-12-12,2029-07-02,180,Merck Sharp & Dohme LLC,Squamous Non-small Cell Lung Cancer,Intismeran Autogene; Pembrolizumab; Carboplatin; Paclitaxel
NCT06694753,Safety and Immunogenicity Study of Three mRNAs Encoding HIV Immunogens in Adult Participants Without HIV and in Overall Good Health in South Africa.,IAVI G004,PHASE1,ACTIVE_NOT_RECRUITING,2025-12-15,2026-12-08,96,International AIDS Vaccine Initiative,HIV Infections,mRNA-1645-eODGT8; mRNA-1645-CoreG28v2; mRNA-1645-N332GT5; Placebo
NCT07478952,"A Study of an Epstein-Barr Virus (EBV) Candidate Vaccine, mRNA-1189 in Healthy Adults 18 to 30 Years of Age",,PHASE1,RECRUITING,2026-03-17,2027-05-15,120,"ModernaTX, Inc.",Epstein-Barr Virus,mRNA-1189
NCT07496450,A Study of mRNA-1018-H5 Pandemic Influenza Vaccine in Healthy Adults,,PHASE3,ACTIVE_NOT_RECRUITING,2026-03-23,2027-01-28,4050,"ModernaTX, Inc.",Influenza,mRNA-1018-H5; Placebo
NCT07561294,"A Study to Evaluate the Safety, Reactogenicity, and Immunogenicity of mRNA-1982 to Prevent Lyme Disease in Healthy Participants (18 to 70 Years of Age)",,PHASE2,ACTIVE_NOT_RECRUITING,2026-04-29,2028-11-09,366,"ModernaTX, Inc.",Lyme Disease,mRNA-1982; Placebo
NCT07513376,A Clinical Trial of Adjuvant Intismeran (V940) With or Without Pembrolizumab Coformulated With Berahyaluronidase Alfa (MK-3475A) in High-Risk Stage I Non-Small Cell Lung Cancer (V940-014),INTerpath-014,PHASE3,RECRUITING,2026-05-04,2034-08-22,876,Merck Sharp & Dohme LLC,Non-small Cell Lung Cancer,Intismeran; Pembrolizumab coformulated with berahyaluronidase alfa; Placebo
NCT07737717,"A Study to Investigate the Safety, Reactogenicity, and Immunogenicity of mRNA-1469 Vaccine to Prevent Ebola-Bundibugyo Virus Disease in Healthy Adult Participants",,PHASE1,ACTIVE_NOT_RECRUITING,2026-07-31,2027-09-30,84,"ModernaTX, Inc.",Ebola-Bundibugyo Virus Disease (Ebola-BDBV),mRNA-1469; Placebo
NCT07764237,"A Study to Investigate Safety, Reactogenicity, and Immunogenicity of mRNA-1365 (Profile 2) in Older Healthy Adults",,PHASE1,RECRUITING,2026-08-11,2027-07-20,375,"ModernaTX, Inc.",Respiratory Syncytial Virus (RSV); Human Metapneuomovirus (hMPV),mRNA-1365 (Profile 2); mRNA-1345 (Profile 1); mRNA-1345 (Profile 3)
NCT07808697,"A Study to Evaluate the Safety, Reactogenicity, and Immunogenicity of mRNA-1283 in Participants ≥6 Months to <12 Years of Age",,PHASE2,NOT_YET_RECRUITING,2026-09-01,2029-08-30,300,"ModernaTX, Inc.",SARS-CoV-2,mRNA-1283; mRNA-1273
NCT07790523,Effectiveness of An Influenza/COVID-19 Vaccine (mCombriax [mRNA-1083]) in Adults ≥ 65 Years,DAN-COMBO,PHASE4,NOT_YET_RECRUITING,2026-09-01,2028-05-31,410000,Tor Biering-Sørensen,COVID-19; Influenza,mCombriax® (mRNA-1083); Efluelda® (TIV-HD) and Spikevax® (mRNA-1273)
